food_name,protein,iron,vitamin_c,vitamin_d,fiber,category,health_score,vitamin_a,vitamin_b12
apple juice,0.1,0.1,1.0,0.0,0.2,beverage,2.3,25.0,0.0
black coffee,0.3,0.0,0.0,0.0,0.0,beverage,2.3,15.0,0.4
coconut water,0.7,0.3,2.0,0.0,0.5,beverage,2.4,0.0,0.0
coffee,0.3,0.0,0.0,0.0,0.0,beverage,2.3,15.0,0.4
cola,0.0,0.0,0.0,0.0,0.0,beverage,1.0,0.0,0.0
filter coffee,0.5,0.1,0.0,0.0,0.0,beverage,2.3,15.0,0.4
fruit punch,0.4,0.2,30.0,0.0,0.5,beverage,2.6,25.0,0.0
grape juice,0.4,0.2,20.0,0.0,0.1,beverage,2.4,25.0,0.0
green tea,0.0,0.0,0.0,0.0,0.0,beverage,2.3,450.0,0.0
iced tea,0.1,0.1,5.0,0.0,0.0,beverage,2.3,0.0,0.0
lemon juice,0.4,0.6,40.0,0.0,0.3,beverage,2.6,25.0,0.0
masala chai,2.0,0.2,0.0,1.0,0.0,beverage,2.5,15.0,0.4
orange juice,0.7,0.2,50.0,0.0,0.2,beverage,2.6,25.0,0.0
pepsi,0.0,0.0,0.0,0.0,0.0,beverage,1.0,0.0,0.0
tea,2.0,0.1,0.0,1.0,0.0,beverage,2.5,0.0,0.0
almond milk,0.6,0.2,0.0,1.5,0.0,dairy,2.3,50.0,0.4
badam milk,5.0,1.0,2.0,2.0,1.0,dairy,3.0,50.0,0.4
badam shake,6.0,1.0,2.0,2.0,1.0,dairy,3.1,25.0,0.0
banana shake,4.0,0.5,10.0,2.0,2.0,dairy,3.1,25.0,0.0
butter,0.9,0.0,0.0,7.0,0.0,dairy,2.4,50.0,0.4
buttermilk,3.0,0.1,2.0,1.5,0.0,dairy,2.6,50.0,0.4
chaas,3.0,0.1,2.0,1.5,0.0,dairy,2.6,50.0,0.4
cheese,25.0,0.7,0.0,5.0,0.0,dairy,4.9,50.0,0.4
chocolate milkshake,5.0,0.5,0.0,2.0,1.0,dairy,3.0,50.0,0.4
cream,2.0,0.1,0.0,3.0,0.0,dairy,2.5,50.0,0.4
curd,3.5,0.1,1.0,2.0,0.0,dairy,2.6,50.0,0.4
ghee,0.0,0.0,0.0,8.0,0.0,dairy,2.3,50.0,0.4
mango shake,4.0,0.5,15.0,2.0,2.0,dairy,3.1,150.0,0.0
milk,3.4,0.1,0.0,2.5,0.0,dairy,2.6,50.0,0.4
paneer,18.0,0.2,0.0,5.0,0.0,dairy,4.1,50.0,0.4
peda,4.5,0.5,0.0,2.0,0.5,dairy,2.8,0.0,0.0
rose milk,3.5,0.5,1.0,2.0,0.0,dairy,2.7,50.0,0.4
salt lassi,3.5,0.1,2.0,2.0,0.0,dairy,2.7,50.0,0.4
sandesh,5.0,0.5,0.0,2.0,0.5,dairy,2.9,0.0,0.0
skim milk,3.4,0.1,0.0,1.0,0.0,dairy,2.6,50.0,0.4
soy milk,3.3,1.0,0.0,2.0,0.0,dairy,2.6,50.0,0.4
turmeric milk,3.5,0.2,1.0,2.0,0.0,dairy,2.7,50.0,0.4
yogurt,3.5,0.1,1.0,2.0,0.0,dairy,2.6,50.0,0.4
aam panna,1.0,0.5,20.0,0.0,1.0,fruit,3.2,25.0,0.0
apple,0.3,0.1,5.0,0.0,2.4,fruit,3.2,25.0,0.0
apricot,1.4,0.4,10.0,0.0,2.0,fruit,3.3,150.0,0.0
avocado,1.5,0.6,10.0,0.0,6.7,fruit,4.0,25.0,0.0
banana,1.1,0.3,9.0,0.0,2.6,fruit,3.4,25.0,0.0
blackberry,1.4,0.6,21.0,0.0,5.3,fruit,3.9,25.0,0.0
blueberry,0.7,0.3,10.0,0.0,2.4,fruit,3.3,25.0,0.0
cherry,1.1,0.4,7.0,0.0,2.1,fruit,3.3,25.0,0.0
coconut,1.5,2.4,3.0,0.0,9.0,fruit,4.4,25.0,0.0
custard apple,1.5,0.6,19.0,0.0,2.4,fruit,3.4,25.0,0.0
dates,1.5,1.0,0.0,0.0,6.7,fruit,4.0,25.0,0.0
dragon fruit,1.2,0.4,3.0,0.0,1.8,fruit,3.2,25.0,0.0
figs,0.8,0.4,2.0,0.0,2.9,fruit,3.3,25.0,0.0
fruit chaat,1.5,0.5,35.0,0.0,3.0,fruit,3.6,25.0,0.0
fruit salad,1.5,0.5,30.0,0.0,3.0,fruit,3.6,25.0,0.0
grapes,0.6,0.4,10.0,0.0,0.9,fruit,3.1,25.0,0.0
guava,1.5,0.3,228.0,0.0,5.4,fruit,5.0,25.0,0.0
jackfruit,1.5,0.6,14.0,0.0,1.5,fruit,3.3,25.0,0.0
kiwi,1.1,0.3,93.0,0.0,3.0,fruit,3.9,25.0,0.0
lemon,1.1,0.6,53.0,0.0,2.8,fruit,3.6,25.0,0.0
lime,0.7,0.6,29.0,0.0,2.8,fruit,3.5,25.0,0.0
mango,0.8,0.2,36.0,0.0,1.6,fruit,3.3,150.0,0.0
orange,0.9,0.1,53.0,0.0,2.2,fruit,3.5,25.0,0.0
papaya,0.5,0.1,60.0,0.0,1.7,fruit,3.4,150.0,0.0
peach,0.9,0.3,6.0,0.0,1.5,fruit,3.2,25.0,0.0
pear,0.4,0.2,4.0,0.0,3.1,fruit,3.3,25.0,0.0
pineapple,0.5,0.3,47.0,0.0,1.4,fruit,3.3,25.0,0.0
plum,0.7,0.2,9.0,0.0,1.4,fruit,3.1,25.0,0.0
pomegranate,1.5,0.3,10.0,0.0,4.0,fruit,3.6,25.0,0.0
raspberry,1.2,0.7,26.0,0.0,6.5,fruit,4.1,25.0,0.0
sapota,0.4,0.8,14.0,0.0,5.3,fruit,3.7,25.0,0.0
strawberry,0.7,0.4,59.0,0.0,2.0,fruit,3.5,25.0,0.0
sugarcane juice,0.5,0.5,5.0,0.0,0.5,fruit,3.0,25.0,0.0
tender coconut water,0.7,0.3,2.0,0.0,0.5,fruit,3.0,25.0,0.0
watermelon,0.6,0.2,8.0,0.0,0.4,fruit,3.0,25.0,0.0
akki roti,3.5,1.2,2.0,0.0,2.5,grain,3.1,0.0,0.0
aloo paratha,6.0,2.2,4.0,0.0,3.0,grain,3.4,0.0,0.0
amritsari kulcha,7.0,2.5,3.0,0.0,3.0,grain,3.5,0.0,0.0
appam,2.5,0.5,0.0,0.0,1.0,grain,2.7,0.0,0.0
atta flour,12.0,3.9,0.0,0.0,10.0,grain,5.2,0.0,0.0
bajra,11.6,8.0,0.0,0.0,8.5,grain,5.0,0.0,0.0
barley,12.0,3.6,0.0,0.0,17.3,grain,6.3,0.0,0.0
basmati rice,2.6,0.2,0.0,0.0,0.5,grain,2.6,0.0,0.0
biryani,6.0,2.0,2.0,0.0,2.0,grain,3.3,0.0,0.0
bisibele bath,5.0,1.8,6.0,0.0,3.5,grain,3.4,0.0,0.0
bread,8.0,3.6,0.0,0.0,2.7,grain,3.6,0.0,0.0
bread pakora,5.0,2.0,2.0,0.0,2.0,grain,3.2,0.0,0.0
bread upma,4.5,1.5,4.0,0.0,2.5,grain,3.2,0.0,0.0
brown bread,9.0,3.8,0.0,0.0,4.0,grain,3.9,0.0,0.0
brown rice,2.6,0.4,0.0,0.0,1.8,grain,2.8,0.0,0.0
butter naan,6.0,2.5,0.0,2.0,2.0,grain,3.3,50.0,0.4
chapati,3.1,1.5,0.0,0.0,2.7,grain,3.1,0.0,0.0
cheese burst pizza,14.0,2.5,5.0,4.0,2.5,grain,4.2,50.0,0.4
cheese nachos,8.0,2.0,4.0,3.0,2.5,grain,3.6,50.0,0.4
cheese pasta,10.0,2.0,4.0,3.0,2.5,grain,3.8,50.0,0.4
cheese pizza,12.0,2.5,4.0,3.0,2.5,grain,4.0,50.0,0.4
chicken biryani,10.0,2.5,2.0,0.0,2.0,grain,3.7,0.0,1.1
coconut rice,3.5,1.5,2.0,0.0,2.5,grain,3.1,0.0,0.0
corn,3.4,0.5,6.0,0.0,2.4,grain,3.0,0.0,0.0
curd quinoa,6.0,1.5,2.0,1.5,3.0,grain,3.4,50.0,0.4
curd rice,3.5,0.5,2.0,1.5,1.0,grain,2.8,50.0,0.4
curd semiya,3.5,0.5,2.0,1.5,1.5,grain,2.9,50.0,0.4
dabeli,6.0,2.5,5.0,0.0,3.0,grain,3.4,0.0,0.0
dal khichdi,5.5,1.8,4.0,0.0,3.0,grain,3.4,0.0,0.0
dal paratha,6.0,2.5,2.0,0.0,3.5,grain,3.5,0.0,0.0
dhokla,6.0,2.0,2.0,0.0,2.5,grain,3.3,0.0,0.0
dosa,3.5,1.1,0.0,0.0,1.0,grain,2.8,0.0,0.0
double cheese burger,15.0,3.0,4.0,4.0,2.5,grain,4.3,50.0,0.4
egg dosa,6.0,1.5,2.0,1.5,1.2,grain,3.1,140.0,0.8
egg fried noodles,7.0,1.8,2.0,1.0,2.0,grain,3.4,140.0,0.8
egg fried rice,7.0,1.8,2.0,0.0,1.8,grain,3.3,140.0,0.8
fafda,6.0,2.5,1.0,0.0,2.0,grain,3.3,0.0,0.0
frankie,7.0,2.0,4.0,0.0,2.5,grain,3.5,0.0,0.0
fried rice,5.0,1.5,2.0,0.0,1.8,grain,3.1,0.0,0.0
garlic naan,6.5,2.5,2.0,0.0,2.0,grain,3.3,0.0,0.0
gobi paratha,5.0,2.0,6.0,0.0,3.5,grain,3.4,0.0,0.0
grilled sandwich,7.0,2.0,6.0,0.0,3.0,grain,3.5,0.0,0.0
handvo,7.0,3.0,6.0,0.0,4.5,grain,3.8,0.0,0.0
idiyappam,2.5,0.5,0.0,0.0,1.0,grain,2.7,0.0,0.0
idli,2.5,0.4,0.0,0.0,0.9,grain,2.7,0.0,0.0
jeera rice,3.0,0.5,2.0,0.0,1.0,grain,2.8,0.0,0.0
jowar,10.0,4.1,0.0,0.0,6.7,grain,4.4,0.0,0.0
kachori,6.0,2.5,2.0,0.0,3.0,grain,3.4,0.0,0.0
kashmiri pulao,5.5,1.7,10.0,0.0,3.0,grain,3.4,0.0,0.0
khandvi,5.0,1.5,2.0,0.0,2.0,grain,3.2,0.0,0.0
khichdi,4.5,1.5,3.0,0.0,2.5,grain,3.2,0.0,0.0
kulcha,6.0,2.0,0.0,0.0,2.0,grain,3.3,0.0,0.0
lachha paratha,5.0,2.0,0.0,0.0,2.5,grain,3.2,0.0,0.0
lemon rice,3.0,0.6,8.0,0.0,1.2,grain,2.8,0.0,0.0
makki di roti,4.0,1.5,0.0,0.0,3.0,grain,3.2,0.0,0.0
masala dosa,5.0,1.5,2.0,0.0,2.0,grain,3.2,0.0,0.0
masala khichdi,6.0,2.0,5.0,0.0,3.5,grain,3.5,0.0,0.0
masala oats,6.0,2.5,5.0,0.0,4.5,grain,3.7,0.0,0.0
medu vada,6.0,2.0,2.0,0.0,3.0,grain,3.4,0.0,0.0
methi paratha,5.0,2.0,5.0,0.0,3.5,grain,3.4,450.0,0.0
millet,11.0,3.0,0.0,0.0,8.5,grain,4.8,0.0,0.0
missi roti,5.0,2.0,0.0,0.0,3.5,grain,3.4,0.0,0.0
moong dal khichdi,5.0,1.5,3.0,0.0,3.0,grain,3.3,0.0,0.0
multi grain dosa,5.5,2.5,2.0,0.0,3.5,grain,3.5,0.0,0.0
mushroom pulao,6.0,1.5,5.0,2.0,2.5,grain,3.3,0.0,0.0
naan,6.0,2.5,0.0,0.0,2.0,grain,3.3,0.0,0.0
neer dosa,2.5,0.5,0.0,0.0,0.5,grain,2.6,0.0,0.0
noodles,6.0,1.5,1.0,0.0,2.0,grain,3.2,0.0,0.0
oatmeal,11.0,4.5,0.0,0.0,9.0,grain,4.9,0.0,0.0
oats,13.2,4.7,0.0,0.0,10.6,grain,5.4,0.0,0.0
oats idli,5.0,1.8,3.0,0.0,3.5,grain,3.4,0.0,0.0
oats upma,5.5,2.0,6.0,0.0,4.0,grain,3.5,0.0,0.0
onion uttapam,4.5,1.2,5.0,0.0,2.5,grain,3.2,0.0,0.0
paratha,5.0,2.0,0.0,0.0,3.0,grain,3.3,0.0,0.0
peas pulao,5.0,1.6,8.0,0.0,3.0,grain,3.3,0.0,0.0
pesarattu,6.0,2.0,2.0,0.0,2.5,grain,3.3,0.0,0.0
phulka,3.0,1.2,0.0,0.0,2.5,grain,3.0,0.0,0.0
poha,3.0,0.7,1.0,0.0,2.0,grain,2.9,0.0,0.0
pongal,5.0,1.5,2.0,0.0,2.0,grain,3.2,0.0,0.0
puttu,3.0,1.0,0.0,0.0,2.0,grain,2.9,0.0,0.0
quinoa,14.0,4.6,0.0,0.0,7.0,grain,4.9,0.0,0.0
ragi,7.3,3.9,0.0,0.0,3.6,grain,3.7,0.0,0.0
ragi dosa,4.5,2.0,2.0,0.0,3.0,grain,3.3,0.0,0.0
ragi mudde,7.0,3.0,0.0,0.0,3.5,grain,3.6,0.0,0.0
rava dosa,4.0,1.2,1.0,0.0,1.5,grain,3.0,0.0,0.0
red rice,2.8,0.5,0.0,0.0,2.0,grain,2.9,0.0,0.0
red sauce pasta,7.0,2.0,6.0,0.0,2.5,grain,3.5,0.0,0.0
rice,2.7,0.2,0.0,0.0,0.4,grain,2.6,0.0,0.0
roomali roti,3.0,1.0,0.0,0.0,1.5,grain,2.8,0.0,0.0
sabudana khichdi,3.0,1.0,2.0,0.0,1.5,grain,2.9,0.0,0.0
samosa,5.0,1.5,2.0,0.0,2.0,grain,3.2,0.0,0.0
schezwan fried rice,6.0,2.0,5.0,0.0,2.5,grain,3.4,0.0,0.0
schezwan noodles,6.0,2.0,4.0,0.0,2.5,grain,3.4,0.0,0.0
set dosa,3.5,1.0,1.0,0.0,1.2,grain,2.9,0.0,0.0
tamarind rice,3.2,0.7,6.0,0.0,1.5,grain,2.9,0.0,0.0
thepla,4.0,1.2,3.0,0.0,2.5,grain,3.1,0.0,0.0
tomato uttapam,4.5,1.2,7.0,0.0,2.5,grain,3.2,40.0,0.0
upma,4.0,1.0,2.0,0.0,2.0,grain,3.0,0.0,0.0
vada pav,6.0,2.0,2.0,0.0,2.5,grain,3.3,0.0,0.0
veg biryani,5.5,2.0,3.0,0.0,3.0,grain,3.4,30.0,0.0
veg biryani hyderabadi,6.0,2.0,5.0,0.0,3.0,grain,3.4,30.0,0.0
veg burger,8.0,2.0,4.0,0.0,3.0,grain,3.6,50.0,0.4
veg burger deluxe,9.0,2.0,5.0,0.0,3.0,grain,3.7,50.0,0.4
veg club sandwich,7.0,2.0,5.0,0.0,3.0,grain,3.5,30.0,0.0
veg fried momos,6.0,1.5,6.0,0.0,2.5,grain,3.4,30.0,0.0
veg fried rice,4.5,1.5,3.0,0.0,2.0,grain,3.1,30.0,0.0
veg fried rice chinese,5.0,1.5,5.0,0.0,2.0,grain,3.2,30.0,0.0
veg hakka noodles,5.0,1.5,5.0,0.0,2.5,grain,3.2,30.0,0.0
veg hot dog,8.0,2.0,4.0,0.0,2.5,grain,3.6,30.0,0.0
veg lasagna,9.0,2.5,6.0,2.0,3.0,grain,3.8,50.0,0.4
veg macaroni,6.0,2.0,5.0,0.0,2.5,grain,3.4,30.0,0.0
veg momos,5.0,1.5,6.0,0.0,2.0,grain,3.2,30.0,0.0
veg nachos,6.0,2.0,5.0,0.0,2.5,grain,3.4,30.0,0.0
veg noodles,5.0,1.4,3.0,0.0,2.5,grain,3.2,30.0,0.0
veg noodles chinese,5.0,1.5,5.0,0.0,2.5,grain,3.2,30.0,0.0
veg pasta,6.0,2.0,5.0,0.0,2.5,grain,3.4,30.0,0.0
veg pizza,10.0,2.5,5.0,2.0,3.0,grain,3.9,50.0,0.4
veg pizza deluxe,11.0,2.5,6.0,2.0,3.0,grain,4.0,50.0,0.4
veg puff,5.0,1.5,3.0,0.0,2.5,grain,3.2,30.0,0.0
veg pulao masala,5.5,1.8,7.0,0.0,2.5,grain,3.3,30.0,0.0
veg quesadilla,9.0,2.5,5.0,2.0,3.0,grain,3.8,30.0,0.0
veg roll,6.0,1.8,6.0,0.0,3.0,grain,3.4,30.0,0.0
veg sandwich,6.0,2.0,8.0,0.0,3.5,grain,3.5,30.0,0.0
veg shawarma,8.0,2.0,5.0,0.0,3.0,grain,3.6,30.0,0.0
veg spring roll,5.0,1.5,6.0,0.0,2.5,grain,3.2,30.0,0.0
veg steamed momos,5.0,1.5,6.0,0.0,2.0,grain,3.2,30.0,0.0
veg taco,7.0,2.0,6.0,0.0,3.0,grain,3.5,30.0,0.0
veg tehri,5.0,1.5,6.0,0.0,2.5,grain,3.2,30.0,0.0
veg wrap,7.0,2.0,5.0,0.0,3.0,grain,3.5,30.0,0.0
vegetable khichdi,5.5,1.6,5.0,0.0,3.5,grain,3.5,30.0,0.0
vegetable pulao,4.5,1.2,10.0,0.0,2.5,grain,3.2,30.0,0.0
vegetable quinoa,7.0,2.0,8.0,0.0,4.0,grain,3.7,30.0,0.0
vegetable uttapam,5.0,1.5,6.0,0.0,3.0,grain,3.3,30.0,0.0
ven pongal,5.0,1.5,2.0,0.0,2.0,grain,3.2,0.0,0.0
vermicelli upma,4.0,1.0,3.0,0.0,2.0,grain,3.0,0.0,0.0
wheat,13.0,3.6,0.0,0.0,12.2,grain,5.6,0.0,0.0
white sauce pasta,8.0,2.0,4.0,2.0,2.5,grain,3.6,0.0,0.0
whole wheat bread,11.0,3.9,0.0,0.0,6.0,grain,4.4,0.0,0.0
adai dosa,7.0,3.0,2.0,0.0,4.5,legume,4.3,0.0,0.0
black beans,21.0,5.0,3.0,0.0,15.0,legume,7.4,0.0,0.0
black chana curry,9.0,3.5,5.0,0.0,6.0,legume,4.8,30.0,0.0
boiled peanuts,13.0,2.5,0.0,0.0,8.0,legume,5.4,0.0,0.0
chana chaat,9.0,4.0,10.0,0.0,6.0,legume,4.8,0.0,0.0
chana masala,10.0,4.0,6.0,0.0,10.0,legume,5.5,0.0,0.0
chickpeas,19.0,6.2,2.0,0.0,17.0,legume,7.5,0.0,0.0
chole,18.0,6.0,3.0,0.0,15.0,legume,7.1,0.0,0.0
chole bhature,10.0,4.5,4.0,0.0,5.0,legume,4.7,0.0,0.0
dal,9.0,3.0,2.0,0.0,6.0,legume,4.7,0.0,0.0
dal fry,8.0,2.5,4.0,0.0,5.0,legume,4.5,0.0,0.0
dal makhani,9.0,3.0,5.0,1.0,6.0,legume,4.7,0.0,0.0
dal tadka,8.0,2.5,4.0,0.0,5.0,legume,4.5,0.0,0.0
falafel,8.0,3.0,4.0,0.0,5.0,legume,4.5,0.0,0.0
falafel wrap,9.0,3.0,4.0,0.0,4.0,legume,4.4,0.0,0.0
green gram,7.0,2.5,2.0,0.0,7.0,legume,4.7,450.0,0.0
hummus,7.0,2.5,3.0,0.0,4.0,legume,4.2,0.0,0.0
kadala curry,8.0,3.5,4.0,0.0,6.0,legume,4.6,30.0,0.0
kidney beans,24.0,8.2,4.0,0.0,25.0,legume,9.3,0.0,0.0
lentil soup,6.0,2.5,5.0,0.0,4.0,legume,4.1,30.0,0.0
lobia curry,9.0,3.5,4.0,0.0,7.0,legume,4.9,30.0,0.0
masala peanuts,25.0,4.5,2.0,0.0,8.5,legume,6.8,0.0,0.0
masoor dal,9.0,3.3,4.0,0.0,8.0,legume,5.1,0.0,0.0
misal pav,7.0,3.0,10.0,0.0,4.0,legume,4.3,0.0,0.0
moong dal,7.0,2.5,2.0,0.0,7.0,legume,4.7,0.0,0.0
moong sprouts,7.0,2.5,15.0,0.0,4.0,legume,4.3,0.0,0.0
peanut chutney,6.0,2.0,2.0,0.0,3.0,legume,3.9,0.0,0.0
peanuts,26.0,4.6,0.0,0.0,8.5,legume,6.9,0.0,0.0
ragda patties,6.0,2.5,5.0,0.0,4.0,legume,4.1,0.0,0.0
rajma,24.0,8.2,4.0,0.0,25.0,legume,9.3,0.0,0.0
rajma curry,11.0,5.0,5.0,0.0,8.0,legume,5.3,30.0,0.0
roasted chana,20.0,6.0,0.0,0.0,15.0,legume,7.3,0.0,0.0
roasted peanuts,26.0,4.5,0.0,0.0,8.5,legume,6.9,0.0,0.0
sambar,4.0,1.2,6.0,0.0,2.5,legume,3.7,0.0,0.0
soybean,36.0,15.7,6.0,0.0,9.0,legume,8.3,0.0,0.0
soybean curry,36.0,15.0,6.0,0.0,9.0,legume,8.3,30.0,0.0
sprout chaat,7.0,2.5,18.0,0.0,4.0,legume,4.3,0.0,0.0
sprouts salad,7.0,2.5,15.0,0.0,4.0,legume,4.3,0.0,0.0
tadka dal,8.5,2.8,4.0,0.0,5.5,legume,4.6,0.0,0.0
toor dal,9.0,3.0,2.0,0.0,6.0,legume,4.7,0.0,0.0
urad dal,25.0,7.6,0.0,0.0,18.0,legume,8.3,0.0,0.0
white beans,21.0,6.0,2.0,0.0,13.0,legume,7.1,0.0,0.0
white chana curry,9.0,3.5,5.0,0.0,6.0,legume,4.8,30.0,0.0
dal rice,8.0,3.0,2.0,0.0,4.5,meal,3.9,0.0,0.0
roti sabzi,6.5,2.5,12.0,0.0,5.0,meal,3.8,0.0,0.0
south indian thali,12.0,4.0,15.0,1.5,6.0,meal,4.6,0.0,0.0
veg thali,15.0,5.0,25.0,2.0,8.0,meal,5.3,30.0,0.0
besan ladoo,6.0,2.0,0.0,1.5,2.0,other,3.3,0.0,0.0
bhel puri,4.0,1.2,6.0,0.0,3.0,other,3.2,0.0,0.0
biscuit,5.0,1.0,0.0,0.0,1.5,other,2.3,0.0,0.0
boondi raita,4.0,0.8,3.0,1.5,1.5,other,3.0,0.0,0.0
buttermilk masala,3.0,0.1,2.0,1.5,0.0,other,2.6,50.0,0.4
chocolate cake,4.0,2.0,0.0,0.5,1.0,other,2.9,0.0,0.0
coconut chutney,2.5,1.5,2.0,0.0,3.0,other,3.0,0.0,0.0
curd curry,3.0,0.5,3.0,2.0,1.0,other,2.8,50.0,0.4
curry leaves chutney,1.5,1.2,10.0,0.0,2.0,other,2.8,30.0,0.0
dahi puri,5.5,2.0,6.0,1.5,3.0,other,3.4,0.0,0.0
date tamarind chutney,1.5,1.5,12.0,0.0,2.0,other,2.8,0.0,0.0
falooda,4.0,1.0,2.0,1.5,1.0,other,2.9,0.0,0.0
ginger garlic chutney,2.0,1.0,8.0,0.0,2.0,other,2.9,0.0,0.0
green chilli chutney,1.5,1.0,15.0,0.0,2.0,other,2.8,450.0,0.0
gulab jamun,4.0,1.0,0.0,1.0,0.0,other,2.7,0.0,0.0
halwa,3.0,1.0,1.0,1.0,1.0,other,2.8,0.0,0.0
ice cream chocolate,4.0,0.5,0.0,2.0,0.0,other,2.7,50.0,0.4
ice cream vanilla,3.5,0.1,0.0,2.0,0.0,other,2.6,50.0,0.4
jalebi,3.0,1.0,0.0,0.0,0.5,other,2.7,0.0,0.0
jaljeera,1.0,0.5,8.0,0.0,1.0,other,2.6,0.0,0.0
kadhi pakora,5.0,1.5,4.0,2.0,1.5,other,3.1,0.0,0.0
kheer,4.0,0.5,1.0,2.0,0.0,other,2.7,50.0,0.4
kulfi,5.0,0.5,0.0,3.0,0.0,other,2.8,0.0,0.4
lassi,3.0,0.1,2.0,2.0,0.0,other,2.6,50.0,0.4
lemon soda,0.2,0.1,10.0,0.0,0.0,other,2.4,0.0,0.0
maggi noodles,7.0,3.5,0.0,0.0,1.0,other,2.5,0.0,0.0
milk chocolate,7.0,1.5,0.0,0.5,2.0,other,3.3,50.0,0.4
milk tea,2.5,0.1,0.0,1.5,0.0,other,2.5,50.0,0.4
mint chutney,1.5,0.8,20.0,0.0,1.5,other,2.8,450.0,0.0
motichoor ladoo,4.0,1.5,0.0,1.0,1.5,other,3.0,0.0,0.0
mysore pak,4.0,1.0,0.0,2.0,1.0,other,2.9,0.0,0.0
onion raita,3.0,0.5,5.0,1.5,1.0,other,2.8,0.0,0.0
pani puri,3.0,1.0,5.0,0.0,2.0,other,2.9,0.0,0.0
pastry,3.5,1.2,0.0,0.0,0.5,other,2.0,0.0,0.0
payasam,4.0,0.5,1.0,2.0,0.0,other,2.7,0.0,0.0
potato chips,6.0,1.5,15.0,0.0,3.0,other,3.5,0.0,0.0
ragda pattice,5.0,2.0,6.0,0.0,3.0,other,3.3,0.0,0.0
rasam,2.0,0.8,10.0,0.0,1.5,other,2.8,0.0,0.0
rasgulla,3.5,0.5,0.0,1.0,0.0,other,2.7,0.0,0.0
rasmalai,5.0,0.5,0.0,2.0,0.0,other,2.8,0.0,0.0
rava ladoo,4.0,1.5,0.0,0.0,1.5,other,3.0,0.0,0.0
red chilli chutney,1.5,1.0,12.0,0.0,2.0,other,2.8,40.0,0.0
salted lassi,3.0,0.1,2.0,2.0,0.0,other,2.6,50.0,0.4
semiya payasam,4.0,0.5,1.0,2.0,1.0,other,2.9,0.0,0.0
sev puri,4.0,1.5,5.0,0.0,2.5,other,3.1,0.0,0.0
soan papdi,4.0,1.0,0.0,1.5,1.0,other,2.9,0.0,0.0
sweet lassi,3.0,0.1,2.0,2.0,0.0,other,2.6,50.0,0.4
tamarind chutney,1.0,1.2,10.0,0.0,1.5,other,2.7,0.0,0.0
tomato chutney,2.0,1.0,15.0,0.0,2.0,other,2.9,40.0,0.0
veg raita,3.5,0.5,4.0,1.5,1.0,other,2.8,30.0,0.0
anda curry,13.0,2.2,3.0,2.0,1.0,protein,3.8,140.0,0.6
andhra chicken curry,25.0,1.5,3.0,1.0,1.0,protein,5.1,30.0,1.1
boiled egg,13.0,1.8,0.0,2.0,0.0,protein,3.7,140.0,0.8
butter chicken,22.0,1.8,3.0,3.0,0.5,protein,4.7,50.0,1.1
cheese sandwich,9.0,1.5,2.0,3.0,2.0,protein,3.6,50.0,0.4
chettinad chicken,26.0,1.5,3.0,1.0,1.0,protein,5.2,0.0,1.1
chicken,27.0,1.3,0.0,1.0,0.0,protein,5.1,0.0,1.1
chicken biryani hyderabadi,12.0,2.5,3.0,1.0,2.5,protein,4.0,0.0,1.1
chicken burger,15.0,2.5,2.0,1.0,2.5,protein,4.3,50.0,1.1
chicken burger deluxe,18.0,3.0,3.0,2.0,2.5,protein,4.6,50.0,1.1
chicken chilli,14.0,2.0,4.0,1.0,2.5,protein,4.2,40.0,1.1
chicken clear soup,6.0,1.5,2.0,1.0,0.5,protein,3.0,30.0,1.1
chicken club sandwich,15.0,2.0,3.0,1.0,2.5,protein,4.3,0.0,1.1
chicken curry,25.0,1.5,4.0,1.0,1.0,protein,5.1,30.0,1.1
chicken curry south indian,25.0,1.5,4.0,1.0,1.0,protein,5.1,30.0,1.1
chicken fried momos,10.0,2.0,3.0,1.0,2.5,protein,3.8,0.0,1.1
chicken fried rice chinese,10.0,2.0,3.0,1.0,2.0,protein,3.7,0.0,1.1
chicken fry south indian,27.0,1.5,3.0,1.0,1.0,protein,5.3,0.0,1.1
chicken hot dog,14.0,2.5,3.0,1.0,2.5,protein,4.2,0.0,1.1
chicken kebab,26.0,1.5,2.0,1.0,0.5,protein,5.1,0.0,1.1
chicken korma,20.0,1.7,4.0,2.0,1.0,protein,4.6,0.0,1.1
chicken lasagna,12.0,2.5,4.0,2.0,3.0,protein,4.1,50.0,1.1
chicken macaroni,11.0,2.0,3.0,1.0,2.5,protein,3.9,0.0,1.1
chicken manchurian,14.0,2.0,3.0,1.0,2.5,protein,4.2,0.0,1.1
chicken masala,24.0,1.6,3.0,1.5,1.0,protein,5.0,0.0,1.1
chicken momos,10.0,2.0,2.0,1.0,2.0,protein,3.7,0.0,1.1
chicken nachos,12.0,2.5,3.0,2.0,2.5,protein,4.0,0.0,1.1
chicken noodles,10.0,2.0,2.0,1.0,2.0,protein,3.7,0.0,1.1
chicken noodles chinese,10.0,2.0,3.0,1.0,2.5,protein,3.8,0.0,1.1
chicken pasta,12.0,2.0,3.0,1.0,2.5,protein,4.0,0.0,1.1
chicken pizza,15.0,3.0,3.0,2.0,2.5,protein,4.3,50.0,1.1
chicken puff,9.0,2.0,2.0,1.0,2.0,protein,3.6,0.0,1.1
chicken quesadilla,14.0,2.5,4.0,2.0,3.0,protein,4.3,0.0,1.1
chicken roll,12.0,2.0,3.0,1.0,2.5,protein,4.0,0.0,1.1
chicken sandwich,12.0,2.0,3.0,1.0,2.5,protein,4.0,0.0,1.1
chicken shawarma,15.0,2.0,3.0,1.0,2.5,protein,4.3,0.0,1.1
chicken soup,6.0,1.5,2.0,1.0,0.5,protein,3.0,30.0,1.1
chicken spring roll,9.0,2.0,3.0,1.0,2.5,protein,3.7,0.0,1.1
chicken steamed momos,10.0,2.0,3.0,1.0,2.0,protein,3.7,0.0,1.1
chicken sukka,27.0,1.5,3.0,1.0,1.0,protein,5.3,0.0,1.1
chicken supreme pizza,18.0,3.0,4.0,2.0,2.5,protein,4.6,50.0,1.1
chicken taco,13.0,2.5,4.0,1.0,2.5,protein,4.1,0.0,1.1
chicken tikka,25.0,1.5,2.0,1.0,0.0,protein,4.9,0.0,1.1
chicken uttapam,10.0,2.0,3.0,1.0,3.0,protein,3.8,0.0,1.1
chicken wrap,14.0,2.0,3.0,1.0,2.5,protein,4.2,0.0,1.1
crab curry,20.0,3.0,2.0,5.0,1.0,protein,4.6,30.0,0.0
crab masala,20.0,3.0,2.0,5.0,1.0,protein,4.6,0.0,0.0
egg,13.0,1.8,0.0,2.0,0.0,protein,3.7,140.0,0.8
egg bhurji,12.0,2.0,2.0,2.0,0.5,protein,3.7,140.0,0.8
egg biryani hyderabadi,8.0,2.0,4.0,1.5,2.5,protein,3.6,140.0,1.1
egg club sandwich,13.0,2.0,2.0,1.5,2.5,protein,4.1,140.0,0.8
egg curry,12.0,2.0,3.0,2.0,1.0,protein,3.7,140.0,1.1
egg curry south indian,12.0,2.0,4.0,2.0,1.5,protein,3.8,140.0,1.1
egg fried rice chinese,7.0,1.8,3.0,1.0,2.0,protein,3.4,140.0,0.8
egg fry,13.0,2.0,0.0,2.0,0.0,protein,3.7,140.0,0.8
egg idiyappam,5.0,1.2,1.0,1.0,1.5,protein,3.1,140.0,0.8
egg masala,11.0,2.0,3.0,2.0,1.5,protein,3.7,140.0,0.8
egg noodles chinese,7.0,1.8,3.0,1.0,2.5,protein,3.4,140.0,0.8
egg puff,7.0,1.8,2.0,1.5,2.0,protein,3.4,140.0,0.8
egg roll,10.0,2.0,2.0,1.5,2.0,protein,3.7,140.0,0.8
egg sandwich,10.0,2.0,2.0,1.5,2.0,protein,3.7,140.0,0.8
egg wrap,12.0,2.0,2.0,1.5,2.0,protein,3.9,140.0,0.8
fish,22.0,1.0,0.0,10.0,0.0,protein,4.6,0.0,1.1
fish curry,20.0,1.2,3.0,8.0,1.0,protein,4.5,30.0,1.1
fish curry kerala,20.0,1.5,3.0,8.0,1.0,protein,4.5,30.0,1.1
fish curry south indian,21.0,1.2,3.0,8.0,1.0,protein,4.6,30.0,1.1
fish fry,23.0,1.2,2.0,5.0,0.0,protein,4.7,0.0,1.1
fish fry kerala,22.0,1.2,2.0,8.0,0.5,protein,4.7,0.0,1.1
fish masala,22.0,1.2,3.0,8.0,1.0,protein,4.7,0.0,1.1
fish tikka,22.0,1.1,2.0,6.0,0.0,protein,4.6,0.0,1.1
grilled chicken,30.0,1.2,0.0,1.0,0.0,protein,5.4,0.0,1.1
kadai paneer,10.0,1.8,8.0,3.0,1.5,protein,3.6,50.0,0.4
keema curry,23.0,2.5,2.0,2.0,1.0,protein,4.9,30.0,0.0
keema fry,24.0,2.5,2.0,2.0,1.0,protein,5.0,0.0,0.0
meen fry,22.0,1.2,2.0,7.0,0.0,protein,4.6,0.0,0.0
mutton,25.0,2.5,0.0,2.0,0.0,protein,4.9,0.0,1.1
mutton biryani hyderabadi,13.0,3.0,3.0,2.0,2.5,protein,4.1,0.0,1.1
mutton bone soup,7.0,2.5,2.0,1.0,0.5,protein,3.2,30.0,1.1
mutton curry,23.0,2.7,2.0,2.0,1.0,protein,4.9,30.0,1.1
mutton curry south indian,25.0,2.5,2.0,2.0,1.0,protein,5.1,30.0,1.1
mutton fry,25.0,2.5,2.0,2.0,0.5,protein,5.0,0.0,1.1
mutton fry south indian,25.0,2.5,2.0,2.0,1.0,protein,5.1,0.0,1.1
mutton rogan josh,24.0,2.5,2.0,2.0,0.5,protein,4.9,0.0,1.1
mutton soup,7.0,2.0,2.0,1.0,0.5,protein,3.1,30.0,1.1
omelette,11.0,1.7,0.0,2.0,0.0,protein,3.5,0.0,0.0
palak paneer,11.0,2.5,15.0,3.5,2.0,protein,3.9,450.0,0.4
paneer bhurji,11.0,2.0,5.0,3.5,1.0,protein,3.6,50.0,0.4
paneer burger,12.0,2.0,3.0,2.0,2.5,protein,4.0,50.0,0.4
paneer burger deluxe,14.0,2.5,4.0,3.0,2.5,protein,4.2,50.0,0.4
paneer butter masala,10.0,1.5,5.0,4.0,1.0,protein,3.5,50.0,0.4
paneer chilli,11.0,2.0,5.0,3.0,2.5,protein,3.9,40.0,0.4
paneer club sandwich,12.0,2.0,4.0,2.0,3.0,protein,4.0,50.0,0.4
paneer curry north indian,13.0,2.0,4.0,3.0,2.5,protein,4.1,50.0,0.4
paneer cutlet,9.0,2.0,6.0,2.0,2.5,protein,3.7,50.0,0.4
paneer fried momos,9.0,2.0,4.0,2.0,2.5,protein,3.7,50.0,0.4
paneer fried rice,8.0,2.0,4.0,2.0,2.5,protein,3.6,50.0,0.4
paneer hot dog,12.0,2.0,4.0,2.0,2.5,protein,4.0,50.0,0.4
paneer kebab,14.0,2.0,3.0,3.0,2.0,protein,4.1,50.0,0.4
paneer manchurian,10.0,2.0,4.0,3.0,2.5,protein,3.8,50.0,0.4
paneer momos,9.0,2.0,2.0,2.0,2.0,protein,3.6,50.0,0.4
paneer pakora,9.0,2.0,2.0,2.0,1.5,protein,3.5,50.0,0.4
paneer paratha,9.0,2.0,3.0,2.0,3.0,protein,3.7,50.0,0.4
paneer pasta,11.0,2.0,4.0,2.0,2.5,protein,3.9,50.0,0.4
paneer pizza,13.0,2.5,4.0,3.0,2.5,protein,4.1,50.0,0.4
paneer quesadilla,13.0,2.5,4.0,3.0,3.0,protein,4.2,50.0,0.4
paneer roll,10.0,2.0,4.0,2.0,3.0,protein,3.8,50.0,0.4
paneer sandwich,10.0,2.0,5.0,2.0,2.5,protein,3.8,50.0,0.4
paneer spring roll,8.0,2.0,4.0,2.0,2.5,protein,3.6,50.0,0.4
paneer steamed momos,9.0,2.0,4.0,2.0,2.0,protein,3.6,50.0,0.4
paneer supreme pizza,15.0,2.5,5.0,3.0,2.5,protein,4.3,50.0,0.4
paneer taco,12.0,2.0,5.0,2.0,3.0,protein,4.1,50.0,0.4
paneer tikka,12.0,1.5,4.0,3.0,1.0,protein,3.7,50.0,0.4
paneer uttapam,8.0,2.0,4.0,2.0,3.0,protein,3.6,50.0,0.4
paneer wrap,12.0,2.0,4.0,2.0,3.0,protein,4.0,50.0,0.4
pepper chicken,26.0,1.5,3.0,1.0,1.0,protein,5.2,0.0,1.1
prawn curry,24.0,2.5,3.0,4.0,0.0,protein,4.8,30.0,1.1
prawn fry,24.0,2.0,2.0,4.0,0.0,protein,4.8,0.0,1.1
prawn fry south indian,24.0,2.0,2.0,4.0,0.5,protein,4.9,0.0,1.1
prawn masala,24.0,2.0,3.0,4.0,1.0,protein,5.0,0.0,1.1
prawn sukka,24.0,2.0,3.0,4.0,1.0,protein,5.0,0.0,1.1
prawns,24.0,2.0,0.0,4.0,0.0,protein,4.8,0.0,1.1
salmon,20.0,0.8,0.0,13.0,0.0,protein,4.4,0.0,0.0
seekh kebab,25.0,2.0,2.0,1.0,0.5,protein,5.0,0.0,0.0
shahi paneer,9.0,1.5,6.0,4.0,1.0,protein,3.4,50.0,0.4
soy chunks,52.0,15.0,0.0,0.0,13.0,protein,10.0,0.0,0.0
tandoori chicken,28.0,1.5,2.0,1.0,0.0,protein,5.2,0.0,1.1
tandoori fish,24.0,1.0,2.0,8.0,0.5,protein,4.9,0.0,1.1
tofu,8.0,2.7,0.0,0.0,1.0,protein,3.3,0.0,0.0
tofu curry,8.0,2.5,4.0,0.0,2.0,protein,3.5,30.0,0.0
tuna,29.0,1.0,0.0,6.0,0.0,protein,5.3,0.0,0.0
aloo gobi,3.0,1.0,15.0,0.0,3.0,vegetable,3.7,30.0,0.0
aloo matar,4.0,1.2,12.0,0.0,3.5,vegetable,3.8,30.0,0.0
aloo tikki,4.0,1.5,5.0,0.0,3.0,vegetable,3.7,30.0,0.0
ash gourd curry,2.0,0.8,6.0,0.0,2.0,vegetable,3.4,30.0,0.0
avial,3.0,1.2,12.0,0.0,3.5,vegetable,3.7,30.0,0.0
baingan bharta,2.5,1.0,8.0,0.0,3.0,vegetable,3.6,30.0,0.0
beetroot,1.6,0.8,4.0,0.0,2.8,vegetable,3.4,30.0,0.0
beetroot soup,3.0,1.5,8.0,0.0,2.5,vegetable,3.6,30.0,0.0
bell pepper green,0.9,0.5,80.0,0.0,1.7,vegetable,3.6,450.0,0.0
bell pepper red,1.0,0.5,127.0,0.0,2.1,vegetable,3.9,40.0,0.0
bell pepper yellow,1.0,0.4,183.0,0.0,1.7,vegetable,4.1,40.0,0.0
bhindi masala,3.0,1.0,10.0,0.0,3.5,vegetable,3.7,30.0,0.0
bitter gourd,1.0,0.4,84.0,0.0,2.6,vegetable,3.7,30.0,0.0
bottle gourd,0.6,0.2,10.0,0.0,1.2,vegetable,3.1,30.0,0.0
brinjal,1.0,0.3,2.0,0.0,3.0,vegetable,3.4,30.0,0.0
broccoli,2.8,0.7,89.0,0.0,2.6,vegetable,4.0,40.0,0.0
cabbage,1.3,0.5,36.0,0.0,2.5,vegetable,3.5,30.0,0.0
cabbage peas curry,3.5,1.5,10.0,0.0,3.5,vegetable,3.8,30.0,0.0
capsicum,1.0,0.4,80.0,0.0,1.5,vegetable,3.5,40.0,0.0
capsicum curry,3.0,1.0,25.0,0.0,2.5,vegetable,3.6,40.0,0.0
carrot,0.9,0.3,6.0,0.0,2.8,vegetable,3.4,700.0,0.0
carrot beans poriyal,3.0,1.2,12.0,0.0,3.0,vegetable,3.7,700.0,0.0
carrot soup,2.5,1.0,12.0,0.0,2.0,vegetable,3.4,700.0,0.0
cauliflower,1.9,0.4,48.0,0.0,2.0,vegetable,3.6,30.0,0.0
cluster beans curry,3.0,1.5,6.0,0.0,4.0,vegetable,3.8,30.0,0.0
colocasia curry,3.5,1.8,6.0,0.0,3.5,vegetable,3.8,30.0,0.0
corn chaat,4.0,1.5,10.0,0.0,3.0,vegetable,3.8,30.0,0.0
corn salad,4.0,1.5,10.0,0.0,3.0,vegetable,3.8,30.0,0.0
cucumber,0.7,0.3,3.0,0.0,0.5,vegetable,3.0,30.0,0.0
cucumber salad,2.0,0.5,5.0,0.0,2.0,vegetable,3.3,30.0,0.0
cutlet,5.0,1.5,6.0,0.0,3.0,vegetable,3.8,30.0,0.0
drumstick,2.1,4.0,141.0,0.0,3.2,vegetable,4.3,30.0,0.0
french beans curry,3.0,1.5,8.0,0.0,3.5,vegetable,3.7,30.0,0.0
french fries,3.0,1.0,10.0,0.0,3.0,vegetable,3.6,30.0,0.0
gobi manchurian,4.0,1.5,10.0,0.0,2.5,vegetable,3.7,30.0,0.0
green beans,1.8,1.0,12.0,0.0,3.4,vegetable,3.6,450.0,0.0
green peas curry,5.5,1.8,10.0,0.0,5.0,vegetable,4.2,450.0,0.0
hot and sour soup,3.5,1.2,10.0,0.0,2.0,vegetable,3.5,30.0,0.0
kootu,4.0,1.5,8.0,0.0,4.0,vegetable,3.9,30.0,0.0
lady finger,2.0,0.6,23.0,0.0,3.2,vegetable,3.6,30.0,0.0
lauki curry,2.0,0.8,6.0,0.0,2.0,vegetable,3.4,30.0,0.0
lettuce,1.4,0.5,9.0,0.0,1.3,vegetable,3.2,30.0,0.0
malai kofta,7.0,1.5,6.0,3.0,2.0,vegetable,3.9,30.0,0.0
manchow soup,4.0,1.5,9.0,0.0,2.5,vegetable,3.7,30.0,0.0
methi curry,3.5,2.0,15.0,0.0,3.5,vegetable,3.8,450.0,0.0
mirchi bajji,3.5,1.2,6.0,0.0,2.0,vegetable,3.5,30.0,0.0
mixed veg curry,4.5,1.8,15.0,0.0,4.0,vegetable,4.0,30.0,0.0
mushroom,3.1,0.5,2.0,2.0,1.0,vegetable,3.3,30.0,0.0
mushroom soup,4.0,1.2,4.0,2.0,2.0,vegetable,3.6,30.0,0.0
olan,2.0,0.8,6.0,0.0,2.0,vegetable,3.4,30.0,0.0
onion,1.1,0.2,7.0,0.0,1.7,vegetable,3.2,30.0,0.0
onion pakora,4.0,1.5,5.0,0.0,2.5,vegetable,3.7,30.0,0.0
pav bhaji,5.0,2.0,15.0,0.0,3.5,vegetable,4.0,30.0,0.0
peas,5.4,1.5,40.0,0.0,5.7,vegetable,4.5,30.0,0.0
poriyal,3.0,1.2,9.0,0.0,3.0,vegetable,3.6,30.0,0.0
potato,2.0,0.8,19.0,0.0,2.2,vegetable,3.5,30.0,0.0
potato wedges,3.0,1.0,12.0,0.0,3.5,vegetable,3.7,30.0,0.0
pumpkin curry,2.5,1.0,9.0,0.0,2.5,vegetable,3.5,700.0,0.0
radish,0.7,0.3,15.0,0.0,1.6,vegetable,3.2,30.0,0.0
ridge gourd,0.7,0.3,15.0,0.0,1.1,vegetable,3.1,30.0,0.0
sarson ka saag,4.0,2.5,25.0,0.0,4.0,vegetable,4.0,450.0,0.0
snake gourd curry,2.0,0.7,5.0,0.0,2.0,vegetable,3.4,30.0,0.0
spinach,2.9,2.7,28.0,0.0,2.2,vegetable,3.6,450.0,0.0
spinach soup,3.5,2.0,20.0,0.0,2.5,vegetable,3.7,450.0,0.0
stuffed capsicum,4.0,1.5,20.0,0.0,3.0,vegetable,3.8,40.0,0.0
sweet corn soup,3.5,1.2,8.0,0.0,2.0,vegetable,3.5,30.0,0.0
sweet potato,1.6,0.6,22.0,0.0,3.0,vegetable,3.5,700.0,0.0
thoran,2.5,1.0,10.0,0.0,3.0,vegetable,3.6,30.0,0.0
tinda curry,2.0,0.7,5.0,0.0,2.0,vegetable,3.4,30.0,0.0
tomato,0.9,0.3,14.0,0.0,1.2,vegetable,3.2,40.0,0.0
tomato onion curry,3.0,1.0,12.0,0.0,2.5,vegetable,3.6,40.0,0.0
tomato onion salad,2.5,0.8,10.0,0.0,2.5,vegetable,3.5,40.0,0.0
tomato soup,2.0,0.8,15.0,0.0,1.5,vegetable,3.3,40.0,0.0
turnip,0.9,0.3,21.0,0.0,1.8,vegetable,3.3,30.0,0.0
veg chettinad curry,5.0,1.8,10.0,0.0,3.5,vegetable,3.9,30.0,0.0
veg chilli,5.0,2.0,8.0,0.0,3.0,vegetable,3.9,40.0,0.0
veg clear soup,2.5,1.0,10.0,0.0,2.0,vegetable,3.4,30.0,0.0
veg curry,4.0,1.5,12.0,0.0,3.0,vegetable,3.8,30.0,0.0
veg cutlet,5.0,2.0,10.0,0.0,3.0,vegetable,3.9,30.0,0.0
veg kebab,8.0,2.5,6.0,0.0,3.0,vegetable,4.2,30.0,0.0
veg kofta,6.0,1.5,8.0,1.0,2.5,vegetable,3.9,30.0,0.0
veg kurma south indian,4.5,1.5,12.0,1.0,3.5,vegetable,3.9,30.0,0.0
veg manchurian,5.0,1.8,12.0,0.0,3.0,vegetable,3.9,30.0,0.0
veg salad indian,3.0,1.0,12.0,0.0,3.0,vegetable,3.7,30.0,0.0
veg soup,3.0,1.0,10.0,0.0,2.0,vegetable,3.5,30.0,0.0
veg stew,3.5,1.2,12.0,0.0,3.0,vegetable,3.7,30.0,0.0
veg stew kerala,4.0,1.2,10.0,0.0,3.0,vegetable,3.7,30.0,0.0
vegetable korma,4.5,1.5,8.0,1.0,3.0,vegetable,3.8,30.0,0.0
yam curry,3.0,1.5,5.0,0.0,3.5,vegetable,3.7,30.0,0.0
zucchini,1.2,0.4,17.0,0.0,1.0,vegetable,3.2,30.0,0.0
ghee rice,4.0,0.5,0.0,0.0,1.0,grain,2.8,45.0,0.2
veg pulao,5.0,1.2,8.0,0.0,2.5,meal,3.6,30.0,0.0
paneer pulao,12.0,1.4,6.0,0.2,2.0,meal,3.8,60.0,0.5
tomato rice,4.2,1.3,12.0,0.0,1.8,meal,3.4,45.0,0.0
chicken fried rice,14.0,1.6,4.0,0.2,1.8,meal,3.7,30.0,0.9
sambar rice,6.5,1.8,9.0,0.0,3.5,meal,4.1,50.0,0.0
bisi bele bath,7.0,2.0,10.0,0.0,3.8,meal,4.2,60.0,0.0
sweet pongal,4.0,2.2,1.0,0.0,1.5,meal,2.8,40.0,0.1
ragi roti,6.5,3.5,2.0,0.0,9.5,grain,4.5,20.0,0.0
jowar roti,8.0,4.1,0.0,0.0,10.0,grain,4.6,0.0,0.0
bajra roti,9.0,6.0,0.0,0.0,11.0,grain,4.8,30.0,0.0
methi thepla,7.5,3.0,8.0,0.0,4.5,grain,4.3,200.0,0.0
fruit salad with ice cream,3.5,0.9,30.0,0.3,2.5,other,3.0,120.0,0.3
pista,20.0,3.9,5.0,0.0,10.0,fruit,4.4,20.0,0.0
cashew,18.0,6.7,0.5,0.0,3.3,fruit,4.3,0.0,0.0
almonds,21.0,3.7,0.0,0.0,12.0,fruit,4.6,0.0,0.0
walnuts,15.0,2.9,1.3,0.0,6.7,fruit,4.5,5.0,0.0
raisins,3.0,1.9,2.3,0.0,3.7,fruit,3.8,0.0,0.0
dry figs,3.3,2.0,1.2,0.0,9.8,fruit,4.2,10.0,0.0
dry apricots,3.4,2.7,1.0,0.0,7.3,fruit,4.3,180.0,0.0
hot badam milk,4.5,0.8,0.5,0.8,0.8,dairy,3.8,60.0,0.5
cold badam milk,4.5,0.8,0.5,0.8,0.8,dairy,3.8,60.0,0.5
kesar badam milk,4.6,0.9,0.6,0.8,0.8,dairy,3.9,70.0,0.5
malai kulfi,6.0,0.2,1.0,0.5,0.0,dairy,2.5,70.0,0.5
pista kulfi,7.0,0.5,1.2,0.5,0.5,dairy,2.7,75.0,0.5
mango kulfi,5.8,0.3,8.0,0.5,0.3,dairy,2.6,110.0,0.5
mango lassi,3.3,0.2,12.0,0.4,0.5,beverage,3.4,120.0,0.4
rose lassi,3.4,0.1,1.0,0.4,0.0,beverage,3.1,45.0,0.4
mango milkshake,3.5,0.3,15.0,0.5,0.8,beverage,3.3,130.0,0.4
strawberry milkshake,3.4,0.3,18.0,0.5,0.7,beverage,3.3,50.0,0.4
banana milkshake,4.2,0.4,6.0,0.5,1.2,beverage,3.6,60.0,0.4
chikoo milkshake,3.6,0.6,4.0,0.5,1.5,beverage,3.5,55.0,0.4
carrot halwa,3.5,1.0,2.5,0.3,1.5,other,2.6,750.0,0.3
spinach curry,3.5,3.2,22.0,0.0,3.0,vegetable,4.4,460.0,0.0
beetroot juice,1.2,1.0,6.0,0.0,2.0,beverage,4.0,20.0,0.0
paneer curry,14.0,1.5,4.0,0.3,1.0,meal,3.9,60.0,0.5
sweet potato fry,1.5,0.7,15.0,0.0,2.8,vegetable,3.3,680.0,0.0
bhindi fry,2.0,1.2,15.0,0.0,3.2,vegetable,3.6,30.0,0.0
punjabi bhindi fry,1.8,1.21,15.0,0.0,3.0,vegetable,3.6,30.5,0.0
south indian bhindi fry,1.9,1.1,15.5,0.0,3.0,vegetable,3.7,29.6,0.0
hyderabadi bhindi fry,1.9,1.15,13.9,0.0,3.1,vegetable,3.6,29.6,0.0
bengali bhindi fry,1.8,1.14,15.0,0.0,3.1,vegetable,3.7,31.9,0.0
maharashtrian bhindi fry,2.0,1.17,16.2,0.0,3.2,vegetable,3.8,31.5,0.0
gujarati bhindi fry,2.0,1.22,15.2,0.0,3.3,vegetable,3.7,31.4,0.0
kerala bhindi fry,2.0,1.21,16.2,0.0,3.4,vegetable,3.7,29.9,0.0
goan bhindi fry,2.1,1.26,14.9,0.0,3.4,vegetable,3.6,30.3,0.0
awadhi bhindi fry,2.1,1.28,13.8,0.0,3.4,vegetable,3.5,27.4,0.0
rajasthani bhindi fry,1.9,1.13,15.8,0.0,3.5,vegetable,3.7,31.9,0.0
punjabi aloo gobi,2.7,1.05,21.7,0.0,2.4,vegetable,3.3,25.9,0.0
south indian aloo gobi,2.7,1.2,18.6,0.0,2.7,vegetable,3.6,24.1,0.0
hyderabadi aloo gobi,2.6,1.13,19.4,0.0,2.5,vegetable,3.5,22.5,0.0
bengali aloo gobi,2.7,1.18,21.2,0.0,2.4,vegetable,3.4,24.3,0.0
maharashtrian aloo gobi,2.7,1.18,18.6,0.0,2.7,vegetable,3.4,27.4,0.0
gujarati aloo gobi,2.7,1.17,19.7,0.0,2.5,vegetable,3.6,27.5,0.0
kerala aloo gobi,2.3,1.09,20.7,0.0,2.4,vegetable,3.6,25.2,0.0
goan aloo gobi,2.3,1.11,21.3,0.0,2.5,vegetable,3.5,24.5,0.0
awadhi aloo gobi,2.5,1.19,18.1,0.0,2.6,vegetable,3.4,24.8,0.0
rajasthani aloo gobi,2.6,1.1,21.5,0.0,2.3,vegetable,3.3,24.2,0.0
punjabi baingan bharta,1.8,0.91,5.5,0.0,3.3,vegetable,3.7,18.8,0.0
south indian baingan bharta,1.7,0.84,5.9,0.0,2.7,vegetable,3.5,18.2,0.0
hyderabadi baingan bharta,1.9,0.98,5.8,0.0,2.7,vegetable,3.8,20.5,0.0
bengali baingan bharta,1.7,0.9,5.7,0.0,2.9,vegetable,3.8,21.1,0.0
maharashtrian baingan bharta,1.8,0.91,5.4,0.0,2.8,vegetable,3.6,20.8,0.0
gujarati baingan bharta,2.0,0.87,5.8,0.0,2.9,vegetable,3.7,20.9,0.0
kerala baingan bharta,1.9,0.95,6.3,0.0,3.3,vegetable,3.8,20.6,0.0
goan baingan bharta,1.8,0.91,5.8,0.0,3.2,vegetable,3.8,21.9,0.0
awadhi baingan bharta,1.9,0.88,5.7,0.0,3.2,vegetable,3.7,20.2,0.0
rajasthani baingan bharta,1.8,0.83,6.2,0.0,2.9,vegetable,3.8,20.0,0.0
punjabi chana masala,7.5,2.77,7.3,0.0,5.5,vegetable,4.2,30.5,0.0
south indian chana masala,7.3,2.74,8.2,0.0,6.0,vegetable,4.3,29.9,0.0
hyderabadi chana masala,7.7,3.06,8.8,0.0,5.0,vegetable,4.5,30.2,0.0
bengali chana masala,7.1,2.57,8.0,0.0,5.5,vegetable,4.3,29.8,0.0
maharashtrian chana masala,8.1,2.97,8.1,0.0,5.1,vegetable,4.2,31.2,0.0
gujarati chana masala,7.7,3.05,8.1,0.0,6.0,vegetable,4.1,29.6,0.0
kerala chana masala,8.2,2.81,7.3,0.0,5.9,vegetable,4.4,29.3,0.0
goan chana masala,7.2,2.95,8.7,0.0,5.2,vegetable,4.1,28.2,0.0
awadhi chana masala,7.3,2.92,8.6,0.0,6.0,vegetable,4.3,30.7,0.0
rajasthani chana masala,7.9,2.97,7.8,0.0,5.4,vegetable,4.1,31.9,0.0
gobi masala,2.3,1.0,25.0,0.0,2.4,vegetable,3.6,25.0,0.0
punjabi gobi masala,2.5,1.03,26.6,0.0,2.4,vegetable,3.5,25.0,0.0
south indian gobi masala,2.5,1.02,26.6,0.0,2.3,vegetable,3.6,26.2,0.0
hyderabadi gobi masala,2.2,1.09,25.8,0.0,2.3,vegetable,3.7,22.9,0.0
bengali gobi masala,2.3,1.02,24.6,0.0,2.6,vegetable,3.5,23.5,0.0
maharashtrian gobi masala,2.3,1.06,25.3,0.0,2.3,vegetable,3.6,24.6,0.0
gujarati gobi masala,2.1,1.09,22.9,0.0,2.3,vegetable,3.6,26.7,0.0
kerala gobi masala,2.4,0.95,24.3,0.0,2.3,vegetable,3.8,24.9,0.0
goan gobi masala,2.2,0.96,26.0,0.0,2.6,vegetable,3.7,27.2,0.0
awadhi gobi masala,2.2,1.07,27.3,0.0,2.2,vegetable,3.5,26.3,0.0
rajasthani gobi masala,2.3,1.1,26.5,0.0,2.5,vegetable,3.5,26.1,0.0
aloo mutter,3.0,1.4,14.0,0.0,3.5,vegetable,3.6,35.0,0.0
punjabi aloo mutter,3.1,1.35,12.8,0.0,3.2,vegetable,3.7,35.1,0.0
south indian aloo mutter,2.8,1.29,14.3,0.0,3.3,vegetable,3.5,38.0,0.0
hyderabadi aloo mutter,3.3,1.45,13.1,0.0,3.2,vegetable,3.7,36.5,0.0
bengali aloo mutter,3.2,1.34,14.0,0.0,3.2,vegetable,3.8,32.8,0.0
maharashtrian aloo mutter,2.8,1.47,15.2,0.0,3.3,vegetable,3.6,36.1,0.0
gujarati aloo mutter,2.8,1.31,15.3,0.0,3.6,vegetable,3.4,33.1,0.0
kerala aloo mutter,2.8,1.33,15.3,0.0,3.8,vegetable,3.5,35.1,0.0
goan aloo mutter,3.0,1.48,13.5,0.0,3.4,vegetable,3.5,33.3,0.0
awadhi aloo mutter,2.7,1.42,14.9,0.0,3.4,vegetable,3.8,31.8,0.0
rajasthani aloo mutter,2.8,1.29,15.2,0.0,3.7,vegetable,3.7,31.8,0.0
mix veg curry,2.5,1.5,18.0,0.0,3.0,vegetable,3.9,120.0,0.0
punjabi mix veg curry,2.5,1.55,18.2,0.0,3.1,vegetable,3.7,118.6,0.0
south indian mix veg curry,2.4,1.64,17.7,0.0,3.2,vegetable,3.7,126.2,0.0
hyderabadi mix veg curry,2.5,1.4,17.9,0.0,2.9,vegetable,3.9,126.1,0.0
bengali mix veg curry,2.3,1.47,19.7,0.0,2.7,vegetable,4.1,108.2,0.0
maharashtrian mix veg curry,2.4,1.55,17.8,0.0,3.2,vegetable,4.1,124.0,0.0
gujarati mix veg curry,2.5,1.55,18.3,0.0,3.0,vegetable,3.8,122.0,0.0
kerala mix veg curry,2.6,1.46,19.7,0.0,2.8,vegetable,4.0,120.9,0.0
goan mix veg curry,2.7,1.39,18.9,0.0,3.0,vegetable,3.7,120.2,0.0
awadhi mix veg curry,2.6,1.59,17.2,0.0,2.9,vegetable,4.1,114.2,0.0
rajasthani mix veg curry,2.7,1.45,18.1,0.0,3.1,vegetable,4.0,124.7,0.0
lauki ki sabji,1.0,0.7,10.0,0.0,1.5,vegetable,3.5,15.0,0.0
punjabi lauki ki sabji,1.0,0.76,9.9,0.0,1.4,vegetable,3.6,14.1,0.0
south indian lauki ki sabji,0.9,0.72,10.1,0.0,1.4,vegetable,3.5,13.5,0.0
hyderabadi lauki ki sabji,0.9,0.63,10.5,0.0,1.4,vegetable,3.5,16.1,0.0
bengali lauki ki sabji,1.0,0.68,10.2,0.0,1.4,vegetable,3.6,15.5,0.0
maharashtrian lauki ki sabji,0.9,0.76,9.5,0.0,1.4,vegetable,3.6,16.4,0.0
gujarati lauki ki sabji,1.0,0.64,11.0,0.0,1.6,vegetable,3.4,14.4,0.0
kerala lauki ki sabji,0.9,0.66,10.2,0.0,1.6,vegetable,3.3,13.7,0.0
goan lauki ki sabji,1.0,0.72,9.6,0.0,1.5,vegetable,3.6,16.2,0.0
awadhi lauki ki sabji,0.9,0.63,10.6,0.0,1.5,vegetable,3.4,15.7,0.0
rajasthani lauki ki sabji,1.0,0.74,9.3,0.0,1.5,vegetable,3.4,16.2,0.0
turai sabji,1.2,0.8,12.0,0.0,1.6,vegetable,3.5,15.0,0.0
punjabi turai sabji,1.3,0.73,11.7,0.0,1.6,vegetable,3.6,14.1,0.0
south indian turai sabji,1.1,0.85,12.8,0.0,1.6,vegetable,3.4,14.7,0.0
hyderabadi turai sabji,1.1,0.81,10.9,0.0,1.5,vegetable,3.6,14.2,0.0
bengali turai sabji,1.2,0.82,11.3,0.0,1.6,vegetable,3.6,14.2,0.0
maharashtrian turai sabji,1.3,0.72,12.6,0.0,1.5,vegetable,3.5,14.3,0.0
gujarati turai sabji,1.1,0.77,12.1,0.0,1.7,vegetable,3.3,16.1,0.0
kerala turai sabji,1.2,0.82,11.3,0.0,1.7,vegetable,3.5,14.7,0.0
goan turai sabji,1.1,0.81,12.4,0.0,1.7,vegetable,3.3,16.3,0.0
awadhi turai sabji,1.1,0.78,12.4,0.0,1.7,vegetable,3.5,13.9,0.0
rajasthani turai sabji,1.2,0.78,11.9,0.0,1.7,vegetable,3.7,16.1,0.0
methi malai mutter,4.0,2.2,12.0,0.2,3.8,vegetable,3.5,250.0,0.2
punjabi methi malai mutter,3.8,2.03,12.8,0.2,4.1,vegetable,3.4,254.5,0.18
south indian methi malai mutter,4.3,2.22,11.8,0.2,3.5,vegetable,3.6,229.4,0.22
hyderabadi methi malai mutter,3.6,2.09,13.2,0.2,3.9,vegetable,3.4,234.4,0.18
bengali methi malai mutter,4.3,2.12,12.8,0.2,3.5,vegetable,3.4,225.7,0.19
maharashtrian methi malai mutter,4.3,2.41,11.7,0.2,4.1,vegetable,3.3,266.0,0.22
gujarati methi malai mutter,4.3,2.12,11.7,0.2,3.5,vegetable,3.6,249.7,0.19
kerala methi malai mutter,4.0,2.06,11.2,0.2,3.5,vegetable,3.6,249.3,0.19
goan methi malai mutter,4.3,2.4,11.1,0.2,4.0,vegetable,3.6,233.6,0.19
awadhi methi malai mutter,3.7,2.15,11.9,0.2,3.6,vegetable,3.7,252.3,0.21
rajasthani methi malai mutter,4.2,2.36,12.3,0.2,3.9,vegetable,3.5,265.8,0.2
capsicum masala,2.0,0.9,45.0,0.0,2.0,vegetable,3.7,60.0,0.0
punjabi capsicum masala,2.2,0.94,49.4,0.0,2.1,vegetable,3.7,54.7,0.0
south indian capsicum masala,2.0,0.83,46.4,0.0,2.2,vegetable,3.7,54.4,0.0
hyderabadi capsicum masala,2.1,0.88,47.5,0.0,2.1,vegetable,3.5,57.4,0.0
bengali capsicum masala,2.2,0.98,49.1,0.0,2.0,vegetable,3.7,59.3,0.0
maharashtrian capsicum masala,2.0,0.9,43.3,0.0,1.9,vegetable,3.5,57.4,0.0
gujarati capsicum masala,1.9,0.88,42.0,0.0,2.0,vegetable,3.6,54.1,0.0
kerala capsicum masala,2.0,0.94,40.9,0.0,2.0,vegetable,3.6,60.2,0.0
goan capsicum masala,1.9,0.91,44.5,0.0,1.9,vegetable,3.9,61.8,0.0
awadhi capsicum masala,2.2,0.86,43.5,0.0,1.9,vegetable,3.6,61.1,0.0
rajasthani capsicum masala,2.0,0.88,43.7,0.0,2.0,vegetable,3.8,63.6,0.0
cabbage poriyal,1.8,0.8,22.0,0.0,2.5,vegetable,3.7,15.0,0.0
punjabi cabbage poriyal,1.8,0.86,20.5,0.0,2.4,vegetable,3.7,14.9,0.0
south indian cabbage poriyal,1.9,0.77,23.4,0.0,2.6,vegetable,3.6,16.2,0.0
hyderabadi cabbage poriyal,1.8,0.8,22.6,0.0,2.7,vegetable,3.6,13.8,0.0
bengali cabbage poriyal,1.9,0.79,22.1,0.0,2.6,vegetable,3.5,15.6,0.0
maharashtrian cabbage poriyal,1.7,0.81,21.8,0.0,2.3,vegetable,3.6,13.9,0.0
gujarati cabbage poriyal,1.7,0.86,24.2,0.0,2.5,vegetable,3.6,16.1,0.0
kerala cabbage poriyal,1.9,0.75,21.2,0.0,2.6,vegetable,3.8,14.6,0.0
goan cabbage poriyal,1.7,0.76,24.0,0.0,2.7,vegetable,3.6,14.3,0.0
awadhi cabbage poriyal,1.8,0.8,24.1,0.0,2.5,vegetable,3.8,15.6,0.0
rajasthani cabbage poriyal,1.7,0.74,21.1,0.0,2.5,vegetable,3.8,15.4,0.0
beans poriyal,2.2,1.0,12.0,0.0,3.2,vegetable,3.8,20.0,0.0
punjabi beans poriyal,2.0,0.98,12.1,0.0,2.9,vegetable,3.9,21.4,0.0
south indian beans poriyal,2.3,0.98,11.8,0.0,3.5,vegetable,3.9,20.6,0.0
hyderabadi beans poriyal,2.4,1.01,11.7,0.0,3.0,vegetable,3.7,19.9,0.0
bengali beans poriyal,2.4,1.06,12.9,0.0,3.3,vegetable,3.6,21.9,0.0
maharashtrian beans poriyal,2.2,1.02,12.7,0.0,3.1,vegetable,3.8,21.8,0.0
gujarati beans poriyal,2.2,0.91,11.1,0.0,3.0,vegetable,3.9,21.4,0.0
kerala beans poriyal,2.1,1.03,11.4,0.0,3.0,vegetable,3.7,20.8,0.0
goan beans poriyal,2.4,0.96,10.9,0.0,3.0,vegetable,3.6,18.3,0.0
awadhi beans poriyal,2.0,1.03,12.8,0.0,3.5,vegetable,3.8,19.6,0.0
rajasthani beans poriyal,2.1,0.92,11.9,0.0,3.4,vegetable,3.9,18.3,0.0
punjabi avial,2.5,1.11,8.0,0.1,2.7,vegetable,3.9,147.2,0.21
south indian avial,2.5,1.3,8.2,0.1,2.6,vegetable,3.8,152.6,0.22
hyderabadi avial,2.5,1.2,7.5,0.1,2.8,vegetable,4.2,144.9,0.2
bengali avial,2.4,1.22,7.4,0.1,2.8,vegetable,4.2,142.9,0.19
maharashtrian avial,2.6,1.16,7.8,0.1,2.6,vegetable,4.0,151.5,0.2
gujarati avial,2.3,1.08,7.5,0.1,2.6,vegetable,4.0,133.8,0.19
kerala avial,2.5,1.21,8.2,0.1,2.9,vegetable,4.1,127.9,0.2
goan avial,2.7,1.14,8.5,0.1,2.6,vegetable,3.9,134.6,0.18
awadhi avial,2.5,1.23,8.8,0.1,2.8,vegetable,4.0,129.1,0.18
rajasthani avial,2.7,1.27,7.3,0.1,2.8,vegetable,4.1,153.5,0.2
kovakkai fry,1.5,1.0,14.0,0.0,2.2,vegetable,3.5,20.0,0.0
punjabi kovakkai fry,1.5,1.05,14.2,0.0,2.4,vegetable,3.4,20.2,0.0
south indian kovakkai fry,1.5,1.09,15.3,0.0,2.4,vegetable,3.4,20.7,0.0
hyderabadi kovakkai fry,1.6,1.1,14.5,0.0,2.1,vegetable,3.4,19.4,0.0
bengali kovakkai fry,1.6,0.95,14.8,0.0,2.1,vegetable,3.5,20.8,0.0
maharashtrian kovakkai fry,1.6,0.98,15.1,0.0,2.2,vegetable,3.5,19.7,0.0
gujarati kovakkai fry,1.4,1.06,15.1,0.0,2.4,vegetable,3.6,21.4,0.0
kerala kovakkai fry,1.4,0.95,15.0,0.0,2.3,vegetable,3.7,21.3,0.0
goan kovakkai fry,1.5,1.07,13.1,0.0,2.1,vegetable,3.7,19.2,0.0
awadhi kovakkai fry,1.5,0.97,14.1,0.0,2.2,vegetable,3.7,19.9,0.0
rajasthani kovakkai fry,1.4,1.08,14.6,0.0,2.2,vegetable,3.3,20.0,0.0
chicken tikka masala,18.0,1.4,3.0,0.2,1.0,protein,3.8,40.0,1.0
punjabi chicken tikka masala,17.6,1.44,3.3,0.2,0.9,protein,4.0,40.4,1.07
south indian chicken tikka masala,16.6,1.28,2.8,0.2,0.9,protein,3.9,38.5,0.99
hyderabadi chicken tikka masala,17.2,1.46,3.2,0.2,0.9,protein,3.8,39.2,0.98
bengali chicken tikka masala,18.3,1.39,2.9,0.2,1.1,protein,3.7,39.0,0.99
maharashtrian chicken tikka masala,17.1,1.38,3.0,0.2,1.1,protein,3.9,37.5,1.08
gujarati chicken tikka masala,17.0,1.34,2.7,0.2,1.0,protein,3.9,42.9,1.04
kerala chicken tikka masala,19.3,1.51,3.1,0.2,1.0,protein,4.0,40.9,1.02
goan chicken tikka masala,19.5,1.51,3.1,0.2,1.0,protein,3.8,38.1,0.99
awadhi chicken tikka masala,19.8,1.48,2.9,0.2,1.1,protein,3.8,40.3,0.93
rajasthani chicken tikka masala,19.1,1.41,2.8,0.2,1.0,protein,3.9,39.3,0.96
punjabi butter chicken,15.0,1.4,2.5,0.4,0.8,protein,3.2,70.0,1.21
south indian butter chicken,17.1,1.36,2.7,0.4,0.8,protein,3.3,69.3,1.18
hyderabadi butter chicken,14.5,1.38,2.6,0.4,0.8,protein,3.2,61.9,1.09
bengali butter chicken,17.0,1.38,2.6,0.4,0.7,protein,3.3,65.4,1.23
maharashtrian butter chicken,17.2,1.27,2.3,0.4,0.8,protein,3.1,70.6,1.21
gujarati butter chicken,17.3,1.4,2.3,0.4,0.9,protein,3.1,63.1,1.27
kerala butter chicken,15.9,1.26,2.4,0.4,0.9,protein,3.2,69.9,1.27
goan butter chicken,14.4,1.18,2.3,0.4,0.8,protein,3.1,61.8,1.31
awadhi butter chicken,16.8,1.34,2.5,0.4,0.8,protein,3.3,63.0,1.1
rajasthani butter chicken,17.5,1.38,2.3,0.4,0.8,protein,3.1,70.5,1.21
punjabi chicken korma,13.8,1.22,1.9,0.2,1.3,protein,3.3,39.8,0.81
south indian chicken korma,15.0,1.23,1.9,0.2,1.1,protein,3.4,41.4,0.77
hyderabadi chicken korma,14.0,1.31,2.0,0.2,1.3,protein,3.3,40.5,0.82
bengali chicken korma,15.1,1.09,2.2,0.2,1.2,protein,3.2,38.3,0.87
maharashtrian chicken korma,15.8,1.27,2.0,0.2,1.1,protein,3.3,43.8,0.77
gujarati chicken korma,15.6,1.29,2.0,0.2,1.2,protein,3.3,43.9,0.81
kerala chicken korma,14.1,1.31,1.8,0.2,1.3,protein,3.2,37.8,0.79
goan chicken korma,14.2,1.11,2.1,0.2,1.3,protein,3.4,40.8,0.85
awadhi chicken korma,15.1,1.2,2.1,0.2,1.2,protein,3.2,40.4,0.77
rajasthani chicken korma,14.7,1.29,2.2,0.2,1.2,protein,3.4,41.0,0.73
punjabi mutton rogan josh,18.1,3.03,0.9,0.3,0.5,protein,3.5,30.4,1.43
south indian mutton rogan josh,20.6,2.87,0.9,0.3,0.5,protein,3.5,30.6,1.49
hyderabadi mutton rogan josh,19.1,2.64,0.9,0.3,0.5,protein,3.8,32.6,1.37
bengali mutton rogan josh,19.4,2.64,0.9,0.3,0.5,protein,3.5,27.6,1.37
maharashtrian mutton rogan josh,19.8,2.6,0.9,0.3,0.5,protein,3.6,32.7,1.48
gujarati mutton rogan josh,21.5,2.61,0.9,0.3,0.5,protein,3.5,28.7,1.53
kerala mutton rogan josh,21.9,2.53,1.1,0.3,0.5,protein,3.6,31.3,1.4
goan mutton rogan josh,18.8,2.95,0.9,0.3,0.5,protein,3.6,29.4,1.6
awadhi mutton rogan josh,22.0,2.83,1.1,0.3,0.5,protein,3.7,32.6,1.51
rajasthani mutton rogan josh,19.2,2.61,1.0,0.3,0.5,protein,3.7,29.1,1.59
punjabi mutton curry,20.3,2.56,1.5,0.2,0.5,protein,3.7,23.3,1.36
south indian mutton curry,20.1,2.42,1.4,0.2,0.5,protein,3.8,24.3,1.46
hyderabadi mutton curry,17.6,2.78,1.4,0.2,0.5,protein,3.7,27.5,1.28
bengali mutton curry,18.0,2.43,1.4,0.2,0.5,protein,3.7,26.1,1.47
maharashtrian mutton curry,18.6,2.85,1.5,0.2,0.5,protein,3.7,23.2,1.37
gujarati mutton curry,20.1,2.46,1.5,0.2,0.5,protein,3.5,23.2,1.37
kerala mutton curry,18.1,2.58,1.6,0.2,0.5,protein,3.6,23.5,1.33
goan mutton curry,20.0,2.5,1.6,0.2,0.5,protein,3.5,25.9,1.48
awadhi mutton curry,20.5,2.85,1.6,0.2,0.5,protein,3.7,22.9,1.35
rajasthani mutton curry,18.9,2.52,1.6,0.2,0.5,protein,3.9,25.0,1.39
punjabi prawn masala,22.0,2.3,2.2,1.5,0.2,protein,4.1,53.2,2.08
south indian prawn masala,21.2,2.17,2.0,1.5,0.2,protein,4.3,51.8,1.8
hyderabadi prawn masala,21.0,2.1,1.9,1.5,0.2,protein,4.0,50.6,1.97
bengali prawn masala,21.2,2.28,2.0,1.5,0.2,protein,4.4,50.9,1.9
maharashtrian prawn masala,22.3,2.33,2.1,1.5,0.2,protein,4.3,48.8,2.17
gujarati prawn masala,21.5,2.02,2.1,1.5,0.2,protein,4.2,53.6,2.08
kerala prawn masala,22.7,2.12,2.0,1.5,0.2,protein,4.3,47.7,2.19
goan prawn masala,20.9,2.37,2.0,1.5,0.2,protein,4.2,52.3,1.99
awadhi prawn masala,23.1,2.12,2.0,1.5,0.2,protein,4.2,55.0,1.99
rajasthani prawn masala,20.9,2.01,1.9,1.5,0.2,protein,4.3,52.9,2.07
punjabi fish fry,21.9,1.06,0.0,3.5,0.0,protein,3.6,28.2,1.5
south indian fish fry,19.2,1.09,0.0,3.5,0.0,protein,3.3,31.4,1.65
hyderabadi fish fry,20.1,1.14,0.0,3.5,0.0,protein,3.4,32.5,1.39
bengali fish fry,21.3,1.14,0.0,3.5,0.0,protein,3.5,31.2,1.57
maharashtrian fish fry,18.3,1.17,0.0,3.5,0.0,protein,3.6,31.2,1.44
gujarati fish fry,20.2,1.06,0.0,3.5,0.0,protein,3.7,32.3,1.48
kerala fish fry,20.9,1.13,0.0,3.5,0.0,protein,3.5,32.2,1.56
goan fish fry,21.8,1.17,0.0,3.5,0.0,protein,3.6,32.3,1.39
awadhi fish fry,20.4,1.06,0.0,3.5,0.0,protein,3.5,31.7,1.42
rajasthani fish fry,21.1,1.06,0.0,3.5,0.0,protein,3.5,30.7,1.41
punjabi egg bhurji,12.0,1.82,4.1,0.9,0.5,protein,4.1,127.3,0.69
south indian egg bhurji,10.2,1.82,4.1,0.9,0.5,protein,4.1,135.3,0.71
hyderabadi egg bhurji,10.3,1.67,3.8,0.9,0.5,protein,3.9,118.9,0.75
bengali egg bhurji,10.7,1.93,4.0,0.9,0.5,protein,4.0,135.5,0.65
maharashtrian egg bhurji,10.5,1.92,3.7,0.9,0.5,protein,4.1,131.6,0.77
gujarati egg bhurji,10.1,1.81,4.3,0.9,0.5,protein,3.9,128.3,0.75
kerala egg bhurji,10.3,1.75,3.7,0.9,0.5,protein,4.0,136.3,0.73
goan egg bhurji,10.5,1.86,4.0,0.9,0.5,protein,4.1,132.4,0.76
awadhi egg bhurji,10.0,1.88,4.1,0.9,0.5,protein,3.9,125.9,0.71
rajasthani egg bhurji,10.9,1.85,4.3,0.9,0.5,protein,3.9,118.0,0.76
chilli chicken,15.0,1.2,8.0,0.1,1.0,protein,3.0,35.0,0.6
punjabi chilli chicken,13.5,1.09,8.0,0.1,1.1,protein,3.0,35.0,0.54
south indian chilli chicken,15.1,1.13,8.6,0.1,0.9,protein,2.9,32.1,0.65
hyderabadi chilli chicken,15.6,1.19,7.8,0.1,0.9,protein,3.0,33.4,0.57
bengali chilli chicken,14.1,1.22,7.2,0.1,1.1,protein,3.1,33.8,0.61
maharashtrian chilli chicken,14.1,1.27,8.0,0.1,1.0,protein,2.9,33.6,0.64
gujarati chilli chicken,15.7,1.25,7.3,0.1,1.1,protein,2.9,37.6,0.55
kerala chilli chicken,15.8,1.14,8.5,0.1,1.0,protein,3.0,34.5,0.56
goan chilli chicken,14.3,1.12,8.5,0.1,1.0,protein,2.9,33.2,0.63
awadhi chilli chicken,16.0,1.17,7.4,0.1,1.0,protein,3.0,32.4,0.56
rajasthani chilli chicken,13.6,1.17,8.8,0.1,0.9,protein,3.1,36.4,0.58
punjabi malai kofta,8.2,1.53,4.3,0.4,2.2,protein,2.9,74.6,0.55
south indian malai kofta,7.7,1.26,3.7,0.4,1.8,protein,3.0,73.2,0.47
hyderabadi malai kofta,8.5,1.48,4.4,0.4,2.1,protein,3.0,65.8,0.47
bengali malai kofta,7.5,1.35,3.9,0.4,1.9,protein,3.0,71.2,0.52
maharashtrian malai kofta,8.1,1.39,4.0,0.4,2.2,protein,3.0,63.5,0.46
gujarati malai kofta,8.6,1.35,4.1,0.4,2.2,protein,2.9,74.0,0.55
kerala malai kofta,8.3,1.42,4.0,0.4,2.1,protein,3.0,72.6,0.48
goan malai kofta,7.3,1.5,4.0,0.4,2.1,protein,2.9,67.5,0.5
awadhi malai kofta,8.6,1.54,3.8,0.4,2.0,protein,2.8,65.1,0.49
rajasthani malai kofta,8.1,1.39,3.7,0.4,2.1,protein,3.0,65.0,0.55
punjabi shahi paneer,11.2,1.19,2.8,0.3,0.9,protein,3.6,56.6,0.48
south indian shahi paneer,12.6,1.26,3.0,0.3,0.8,protein,3.3,61.4,0.47
hyderabadi shahi paneer,13.1,1.15,3.1,0.3,0.8,protein,3.3,58.3,0.48
bengali shahi paneer,13.1,1.15,3.0,0.3,0.7,protein,3.2,57.2,0.54
maharashtrian shahi paneer,12.0,1.19,3.1,0.3,0.7,protein,3.3,55.6,0.47
gujarati shahi paneer,11.5,1.27,3.1,0.3,0.9,protein,3.3,58.4,0.46
kerala shahi paneer,11.5,1.24,2.7,0.3,0.8,protein,3.5,65.3,0.54
goan shahi paneer,11.0,1.19,3.0,0.3,0.8,protein,3.2,59.4,0.53
awadhi shahi paneer,12.2,1.29,3.1,0.3,0.7,protein,3.3,56.4,0.51
rajasthani shahi paneer,10.8,1.15,3.0,0.3,0.7,protein,3.5,65.7,0.49
punjabi kadai paneer,12.7,1.5,12.2,0.3,1.6,protein,3.8,76.4,0.53
south indian kadai paneer,11.7,1.62,13.0,0.3,1.6,protein,3.8,65.6,0.52
hyderabadi kadai paneer,13.7,1.51,10.8,0.3,1.6,protein,3.7,69.0,0.46
bengali kadai paneer,12.2,1.44,12.5,0.3,1.6,protein,3.7,72.9,0.47
maharashtrian kadai paneer,12.8,1.59,12.2,0.3,1.4,protein,3.9,71.0,0.54
gujarati kadai paneer,13.8,1.6,11.1,0.3,1.4,protein,3.9,73.7,0.5
kerala kadai paneer,12.2,1.52,11.5,0.3,1.6,protein,3.9,72.0,0.55
goan kadai paneer,14.1,1.64,12.2,0.3,1.4,protein,3.9,70.8,0.52
awadhi kadai paneer,14.0,1.48,11.9,0.3,1.5,protein,3.9,70.1,0.52
rajasthani kadai paneer,12.0,1.51,12.2,0.3,1.4,protein,3.8,72.8,0.45
punjabi paneer bhurji,14.5,1.45,4.9,0.3,0.7,protein,4.1,64.0,0.49
south indian paneer bhurji,15.4,1.7,5.4,0.3,0.8,protein,4.1,64.6,0.54
hyderabadi paneer bhurji,13.0,1.59,5.4,0.3,0.9,protein,4.1,59.3,0.46
bengali paneer bhurji,13.8,1.66,5.0,0.3,0.8,protein,4.2,70.1,0.48
maharashtrian paneer bhurji,14.2,1.46,4.6,0.3,0.8,protein,3.8,62.2,0.47
gujarati paneer bhurji,14.9,1.68,4.7,0.3,0.8,protein,4.0,60.2,0.49
kerala paneer bhurji,15.0,1.59,4.6,0.3,0.8,protein,3.9,66.3,0.46
goan paneer bhurji,14.2,1.67,5.5,0.3,0.8,protein,4.0,59.3,0.48
awadhi paneer bhurji,15.0,1.67,5.0,0.3,0.8,protein,4.2,66.2,0.48
rajasthani paneer bhurji,12.9,1.67,4.5,0.3,0.8,protein,4.0,60.4,0.46
tofu bhurji,12.0,2.8,4.0,0.0,1.2,protein,4.2,20.0,0.0
punjabi tofu bhurji,11.6,2.98,4.0,0.0,1.1,protein,4.0,20.2,0.0
south indian tofu bhurji,12.3,3.08,3.7,0.0,1.1,protein,4.2,21.7,0.0
hyderabadi tofu bhurji,11.4,2.61,4.3,0.0,1.2,protein,4.1,22.0,0.0
bengali tofu bhurji,12.0,3.08,3.8,0.0,1.3,protein,4.2,19.5,0.0
maharashtrian tofu bhurji,11.3,2.75,3.7,0.0,1.3,protein,4.0,21.5,0.0
gujarati tofu bhurji,11.5,2.71,4.2,0.0,1.2,protein,4.4,21.1,0.0
kerala tofu bhurji,11.3,2.7,3.8,0.0,1.1,protein,4.0,19.2,0.0
goan tofu bhurji,13.1,2.74,3.9,0.0,1.1,protein,4.2,19.2,0.0
awadhi tofu bhurji,12.5,2.57,4.2,0.0,1.2,protein,4.3,20.2,0.0
rajasthani tofu bhurji,11.1,2.85,4.0,0.0,1.3,protein,4.3,18.5,0.0
punjabi aloo paratha,6.1,1.98,4.1,0.0,3.5,grain,3.3,20.4,0.0
south indian aloo paratha,6.3,1.74,4.2,0.0,3.7,grain,3.5,20.4,0.0
hyderabadi aloo paratha,5.9,1.68,4.4,0.0,3.4,grain,3.4,21.2,0.0
bengali aloo paratha,6.5,1.69,4.4,0.0,3.6,grain,3.3,19.2,0.0
maharashtrian aloo paratha,6.4,1.73,3.7,0.0,3.2,grain,3.5,18.7,0.0
gujarati aloo paratha,5.5,1.77,3.8,0.0,3.6,grain,3.5,18.4,0.0
kerala aloo paratha,5.7,1.69,3.6,0.0,3.7,grain,3.4,18.3,0.0
goan aloo paratha,6.4,1.79,4.3,0.0,3.8,grain,3.4,21.6,0.0
awadhi aloo paratha,5.9,1.91,3.6,0.0,3.8,grain,3.6,18.1,0.0
rajasthani aloo paratha,6.1,1.77,3.7,0.0,3.3,grain,3.3,21.0,0.0
punjabi paneer paratha,11.0,1.77,1.9,0.2,3.1,grain,3.7,40.9,0.29
south indian paneer paratha,11.6,1.91,2.1,0.2,3.2,grain,3.9,42.7,0.29
hyderabadi paneer paratha,10.2,1.85,1.9,0.2,3.2,grain,3.5,42.5,0.31
bengali paneer paratha,11.9,1.98,1.9,0.2,2.8,grain,3.5,42.4,0.3
maharashtrian paneer paratha,10.2,1.85,1.9,0.2,3.3,grain,3.6,44.2,0.3
gujarati paneer paratha,11.6,1.78,2.2,0.2,3.2,grain,3.8,45.6,0.27
kerala paneer paratha,11.9,2.06,2.0,0.2,2.9,grain,3.6,44.4,0.33
goan paneer paratha,10.5,1.9,1.9,0.2,3.1,grain,3.8,48.8,0.32
awadhi paneer paratha,10.6,1.73,2.2,0.2,2.8,grain,3.8,49.4,0.3
rajasthani paneer paratha,10.5,1.88,2.0,0.2,2.8,grain,3.5,44.7,0.29
punjabi gobi paratha,5.9,1.84,11.1,0.0,3.7,grain,3.6,21.0,0.0
south indian gobi paratha,6.7,1.61,12.7,0.0,4.1,grain,3.6,21.9,0.0
hyderabadi gobi paratha,6.6,1.77,12.2,0.0,3.8,grain,3.6,19.4,0.0
bengali gobi paratha,6.0,1.54,11.6,0.0,3.7,grain,3.6,21.2,0.0
maharashtrian gobi paratha,6.2,1.69,11.5,0.0,3.7,grain,3.6,19.2,0.0
gujarati gobi paratha,6.5,1.72,11.2,0.0,3.7,grain,3.6,21.7,0.0
kerala gobi paratha,6.4,1.86,11.4,0.0,3.7,grain,3.3,18.9,0.0
goan gobi paratha,5.8,1.69,12.4,0.0,3.7,grain,3.6,21.0,0.0
awadhi gobi paratha,6.2,1.86,12.1,0.0,3.6,grain,3.6,21.8,0.0
rajasthani gobi paratha,6.5,1.81,11.8,0.0,3.9,grain,3.6,19.3,0.0
onion paratha,5.5,1.6,3.0,0.0,3.2,grain,3.3,15.0,0.0
punjabi onion paratha,6.0,1.73,3.0,0.0,3.2,grain,3.3,14.4,0.0
south indian onion paratha,5.0,1.57,3.2,0.0,3.4,grain,3.2,15.7,0.0
hyderabadi onion paratha,6.0,1.6,2.9,0.0,3.5,grain,3.2,14.5,0.0
bengali onion paratha,5.2,1.45,3.1,0.0,3.0,grain,3.4,16.3,0.0
maharashtrian onion paratha,5.8,1.59,2.7,0.0,3.3,grain,3.3,13.7,0.0
gujarati onion paratha,5.9,1.66,3.2,0.0,3.3,grain,3.3,14.8,0.0
kerala onion paratha,6.0,1.75,3.1,0.0,3.2,grain,3.2,15.5,0.0
goan onion paratha,5.1,1.58,2.9,0.0,3.5,grain,3.4,15.8,0.0
awadhi onion paratha,5.3,1.6,3.1,0.0,3.3,grain,3.4,14.3,0.0
rajasthani onion paratha,6.0,1.7,3.1,0.0,3.2,grain,3.5,14.4,0.0
pudina paratha,5.2,2.2,5.0,0.0,3.6,grain,3.6,80.0,0.0
punjabi pudina paratha,5.7,2.03,4.8,0.0,3.5,grain,3.7,85.1,0.0
south indian pudina paratha,5.3,2.04,5.1,0.0,3.8,grain,3.5,78.6,0.0
hyderabadi pudina paratha,5.2,2.27,5.4,0.0,3.6,grain,3.4,75.0,0.0
bengali pudina paratha,4.7,2.0,4.9,0.0,3.8,grain,3.6,81.4,0.0
maharashtrian pudina paratha,5.0,2.0,4.8,0.0,3.9,grain,3.6,77.5,0.0
gujarati pudina paratha,5.2,2.14,4.8,0.0,3.3,grain,3.7,79.8,0.0
kerala pudina paratha,5.6,2.18,4.6,0.0,3.6,grain,3.7,81.0,0.0
goan pudina paratha,4.7,2.26,5.3,0.0,3.6,grain,3.7,73.5,0.0
awadhi pudina paratha,5.7,1.99,5.4,0.0,3.7,grain,3.6,83.9,0.0
rajasthani pudina paratha,5.2,2.27,4.9,0.0,3.6,grain,3.8,85.0,0.0
plain naan,6.0,1.2,0.0,0.0,1.8,grain,2.8,10.0,0.1
punjabi plain naan,6.0,1.16,0.0,0.0,1.9,grain,2.9,9.7,0.1
south indian plain naan,5.8,1.3,0.0,0.0,1.8,grain,2.9,10.6,0.1
hyderabadi plain naan,5.6,1.16,0.0,0.0,1.9,grain,2.8,10.0,0.11
bengali plain naan,5.8,1.14,0.0,0.0,1.9,grain,2.9,9.6,0.1
maharashtrian plain naan,5.5,1.1,0.0,0.0,1.9,grain,2.9,9.8,0.1
gujarati plain naan,6.5,1.25,0.0,0.0,1.9,grain,2.8,9.3,0.1
kerala plain naan,6.4,1.22,0.0,0.0,1.9,grain,2.9,9.1,0.1
goan plain naan,5.9,1.08,0.0,0.0,1.8,grain,2.9,9.5,0.11
awadhi plain naan,6.2,1.08,0.0,0.0,1.8,grain,2.9,9.3,0.1
rajasthani plain naan,5.9,1.14,0.0,0.0,1.8,grain,2.7,9.3,0.1
punjabi butter naan,6.0,1.25,0.0,0.0,1.7,grain,2.5,31.6,0.2
south indian butter naan,6.7,1.27,0.0,0.0,1.7,grain,2.5,31.6,0.19
hyderabadi butter naan,6.1,1.3,0.0,0.0,1.8,grain,2.5,32.0,0.2
bengali butter naan,6.7,1.09,0.0,0.0,1.8,grain,2.6,32.6,0.19
maharashtrian butter naan,5.7,1.26,0.0,0.0,2.0,grain,2.4,32.6,0.18
gujarati butter naan,6.6,1.17,0.0,0.0,2.0,grain,2.5,33.4,0.2
kerala butter naan,5.7,1.22,0.0,0.0,1.6,grain,2.6,36.9,0.19
goan butter naan,5.9,1.15,0.0,0.0,1.6,grain,2.6,32.2,0.2
awadhi butter naan,6.1,1.15,0.0,0.0,1.8,grain,2.5,36.0,0.19
rajasthani butter naan,6.1,1.21,0.0,0.0,1.8,grain,2.5,32.1,0.19
punjabi garlic naan,7.0,1.38,0.9,0.0,1.9,grain,2.7,12.9,0.11
south indian garlic naan,6.1,1.22,1.0,0.0,2.1,grain,2.7,12.3,0.1
hyderabadi garlic naan,6.6,1.25,1.0,0.0,1.8,grain,2.8,13.0,0.11
bengali garlic naan,6.0,1.41,1.0,0.0,2.0,grain,2.9,13.0,0.1
maharashtrian garlic naan,6.0,1.38,1.0,0.0,2.1,grain,2.8,11.3,0.09
gujarati garlic naan,7.0,1.42,0.9,0.0,2.1,grain,2.7,12.6,0.11
kerala garlic naan,6.6,1.19,1.0,0.0,2.1,grain,2.8,11.4,0.1
goan garlic naan,6.2,1.2,0.9,0.0,1.9,grain,2.8,12.6,0.09
awadhi garlic naan,6.0,1.2,1.0,0.0,2.0,grain,2.7,10.8,0.1
rajasthani garlic naan,6.1,1.42,1.0,0.0,2.0,grain,2.7,12.6,0.09
tandoori roti,5.5,1.5,0.0,0.0,2.8,grain,3.8,0.0,0.0
punjabi tandoori roti,5.1,1.37,0.0,0.0,2.9,grain,3.9,0.0,0.0
south indian tandoori roti,5.5,1.38,0.0,0.0,2.9,grain,3.9,0.0,0.0
hyderabadi tandoori roti,5.2,1.42,0.0,0.0,2.8,grain,3.9,0.0,0.0
bengali tandoori roti,5.3,1.64,0.0,0.0,2.6,grain,3.7,0.0,0.0
maharashtrian tandoori roti,5.5,1.41,0.0,0.0,2.9,grain,3.6,0.0,0.0
gujarati tandoori roti,5.1,1.46,0.0,0.0,3.0,grain,3.7,0.0,0.0
kerala tandoori roti,5.9,1.59,0.0,0.0,2.8,grain,3.9,0.0,0.0
goan tandoori roti,5.5,1.57,0.0,0.0,2.6,grain,3.9,0.0,0.0
awadhi tandoori roti,5.5,1.62,0.0,0.0,2.8,grain,3.8,0.0,0.0
rajasthani tandoori roti,5.5,1.49,0.0,0.0,3.0,grain,3.8,0.0,0.0
rumali roti,4.8,1.0,0.0,0.0,1.5,grain,2.9,0.0,0.0
punjabi rumali roti,4.3,0.93,0.0,0.0,1.6,grain,3.0,0.0,0.0
south indian rumali roti,4.4,1.08,0.0,0.0,1.5,grain,2.8,0.0,0.0
hyderabadi rumali roti,4.9,1.01,0.0,0.0,1.4,grain,2.8,0.0,0.0
bengali rumali roti,4.7,1.08,0.0,0.0,1.6,grain,3.0,0.0,0.0
maharashtrian rumali roti,4.7,1.08,0.0,0.0,1.4,grain,2.8,0.0,0.0
gujarati rumali roti,4.4,0.96,0.0,0.0,1.6,grain,2.9,0.0,0.0
kerala rumali roti,5.1,0.91,0.0,0.0,1.4,grain,2.8,0.0,0.0
goan rumali roti,4.6,0.9,0.0,0.0,1.6,grain,3.0,0.0,0.0
awadhi rumali roti,4.8,1.08,0.0,0.0,1.4,grain,2.9,0.0,0.0
rajasthani rumali roti,5.2,0.93,0.0,0.0,1.6,grain,2.8,0.0,0.0
bhatura,6.0,1.1,0.0,0.0,1.5,grain,1.8,10.0,0.0
punjabi bhatura,5.4,1.16,0.0,0.0,1.4,grain,1.8,10.3,0.0
south indian bhatura,6.1,1.17,0.0,0.0,1.4,grain,1.8,9.3,0.0
hyderabadi bhatura,6.0,1.13,0.0,0.0,1.5,grain,1.8,10.1,0.0
bengali bhatura,6.3,1.07,0.0,0.0,1.4,grain,1.8,10.1,0.0
maharashtrian bhatura,6.2,1.15,0.0,0.0,1.5,grain,1.7,10.3,0.0
gujarati bhatura,5.4,1.11,0.0,0.0,1.6,grain,1.8,9.2,0.0
kerala bhatura,5.9,1.15,0.0,0.0,1.4,grain,1.8,9.3,0.0
goan bhatura,6.5,1.04,0.0,0.0,1.4,grain,1.8,10.9,0.0
awadhi bhatura,5.5,1.2,0.0,0.0,1.5,grain,1.8,10.0,0.0
rajasthani bhatura,6.1,1.18,0.0,0.0,1.4,grain,1.7,10.0,0.0
puri,5.2,1.3,0.0,0.0,2.0,grain,2.4,15.0,0.0
punjabi puri,5.2,1.18,0.0,0.0,2.1,grain,2.3,14.8,0.0
south indian puri,5.6,1.39,0.0,0.0,2.0,grain,2.4,15.2,0.0
hyderabadi puri,4.8,1.23,0.0,0.0,2.0,grain,2.3,13.7,0.0
bengali puri,5.1,1.23,0.0,0.0,2.0,grain,2.4,15.1,0.0
maharashtrian puri,5.7,1.29,0.0,0.0,2.0,grain,2.3,14.4,0.0
gujarati puri,5.1,1.33,0.0,0.0,2.0,grain,2.5,14.6,0.0
kerala puri,5.5,1.3,0.0,0.0,2.2,grain,2.5,15.0,0.0
goan puri,5.6,1.27,0.0,0.0,1.9,grain,2.4,14.5,0.0
awadhi puri,5.1,1.37,0.0,0.0,1.8,grain,2.5,15.6,0.0
rajasthani puri,5.4,1.39,0.0,0.0,1.9,grain,2.4,14.2,0.0
punjabi dal tadka,5.9,1.74,2.0,0.0,4.2,legume,3.9,15.3,0.0
south indian dal tadka,5.9,1.94,1.9,0.0,3.6,legume,3.9,15.8,0.0
hyderabadi dal tadka,6.5,1.94,2.0,0.0,3.6,legume,4.0,13.6,0.0
bengali dal tadka,6.6,1.73,1.9,0.0,3.6,legume,4.2,14.4,0.0
maharashtrian dal tadka,6.1,1.97,2.0,0.0,4.3,legume,4.1,15.0,0.0
gujarati dal tadka,6.5,1.93,2.1,0.0,4.3,legume,4.1,13.8,0.0
kerala dal tadka,6.3,1.85,2.0,0.0,4.0,legume,3.9,16.1,0.0
goan dal tadka,6.1,1.63,1.8,0.0,3.7,legume,4.1,14.9,0.0
awadhi dal tadka,5.9,1.87,2.1,0.0,4.2,legume,3.9,14.9,0.0
rajasthani dal tadka,6.4,1.85,2.1,0.0,3.8,legume,4.0,15.4,0.0
punjabi dal makhani,7.6,1.81,1.6,0.3,4.4,legume,3.2,50.1,0.33
south indian dal makhani,7.2,1.91,1.5,0.3,4.0,legume,3.3,56.9,0.28
hyderabadi dal makhani,7.2,2.13,1.6,0.3,4.2,legume,3.4,52.0,0.3
bengali dal makhani,7.5,1.85,1.5,0.3,4.3,legume,3.4,51.0,0.32
maharashtrian dal makhani,6.6,2.06,1.4,0.3,3.9,legume,3.2,50.1,0.27
gujarati dal makhani,7.0,2.07,1.4,0.3,4.3,legume,3.3,59.9,0.3
kerala dal makhani,6.5,1.88,1.6,0.3,4.5,legume,3.4,53.4,0.3
goan dal makhani,7.6,2.2,1.4,0.3,4.4,legume,3.1,49.7,0.29
awadhi dal makhani,6.5,2.18,1.6,0.3,4.6,legume,3.2,51.1,0.31
rajasthani dal makhani,7.6,1.86,1.4,0.3,3.8,legume,3.4,54.6,0.31
punjabi rajma curry,7.6,2.37,4.3,0.0,6.2,legume,4.4,25.7,0.0
south indian rajma curry,7.8,2.31,4.0,0.0,6.4,legume,4.5,25.6,0.0
hyderabadi rajma curry,8.7,2.65,4.2,0.0,5.9,legume,4.5,23.1,0.0
bengali rajma curry,8.0,2.27,3.8,0.0,5.5,legume,4.3,27.0,0.0
maharashtrian rajma curry,8.8,2.69,3.8,0.0,5.6,legume,4.5,24.2,0.0
gujarati rajma curry,8.3,2.48,4.3,0.0,6.0,legume,4.1,26.6,0.0
kerala rajma curry,8.3,2.72,4.3,0.0,6.0,legume,4.5,27.0,0.0
goan rajma curry,8.8,2.72,4.4,0.0,6.4,legume,4.1,27.0,0.0
awadhi rajma curry,8.8,2.53,3.9,0.0,5.8,legume,4.5,25.3,0.0
rajasthani rajma curry,8.5,2.73,3.9,0.0,6.5,legume,4.1,22.8,0.0
punjabi lobia curry,8.4,2.48,5.3,0.0,6.0,legume,4.1,33.0,0.0
south indian lobia curry,8.2,2.74,5.0,0.0,6.2,legume,4.1,31.9,0.0
hyderabadi lobia curry,7.9,2.72,5.4,0.0,5.6,legume,4.3,27.6,0.0
bengali lobia curry,8.2,2.43,5.0,0.0,5.9,legume,4.3,31.5,0.0
maharashtrian lobia curry,7.6,2.43,4.6,0.0,5.4,legume,4.1,29.3,0.0
gujarati lobia curry,7.2,2.42,4.6,0.0,6.2,legume,4.3,32.2,0.0
kerala lobia curry,7.6,2.44,5.0,0.0,6.1,legume,4.1,30.8,0.0
goan lobia curry,8.3,2.43,5.1,0.0,5.3,legume,4.2,32.9,0.0
awadhi lobia curry,8.3,2.84,4.8,0.0,5.4,legume,4.3,30.9,0.0
rajasthani lobia curry,7.1,2.81,4.6,0.0,6.3,legume,4.0,31.5,0.0
punjabi moong dal khichdi,7.1,2.08,1.8,0.0,3.3,legume,4.4,22.6,0.0
south indian moong dal khichdi,7.1,1.72,2.0,0.0,3.3,legume,4.4,24.2,0.0
hyderabadi moong dal khichdi,6.7,1.87,1.9,0.0,3.4,legume,4.1,23.7,0.0
bengali moong dal khichdi,7.1,2.01,2.1,0.0,3.7,legume,4.3,23.0,0.0
maharashtrian moong dal khichdi,6.5,1.73,1.8,0.0,3.5,legume,4.3,24.5,0.0
gujarati moong dal khichdi,6.2,1.84,1.8,0.0,3.4,legume,4.4,24.4,0.0
kerala moong dal khichdi,6.0,1.81,1.9,0.0,3.8,legume,4.3,25.6,0.0
goan moong dal khichdi,6.6,2.07,2.2,0.0,3.5,legume,4.2,22.9,0.0
awadhi moong dal khichdi,5.9,1.78,2.0,0.0,3.3,legume,4.0,26.2,0.0
rajasthani moong dal khichdi,6.7,1.92,2.1,0.0,3.6,legume,4.1,26.5,0.0
punjabi masoor dal,6.0,2.14,2.9,0.0,4.4,legume,4.0,20.2,0.0
south indian masoor dal,6.5,2.28,3.0,0.0,4.0,legume,4.2,19.7,0.0
hyderabadi masoor dal,6.4,2.19,3.2,0.0,4.1,legume,4.1,18.1,0.0
bengali masoor dal,6.5,2.37,2.9,0.0,3.9,legume,4.0,19.0,0.0
maharashtrian masoor dal,6.6,2.01,3.3,0.0,4.1,legume,4.1,19.0,0.0
gujarati masoor dal,5.8,2.1,3.1,0.0,4.3,legume,4.1,20.8,0.0
kerala masoor dal,6.5,2.23,3.0,0.0,3.8,legume,4.1,21.1,0.0
goan masoor dal,5.8,2.39,3.0,0.0,4.1,legume,4.0,18.2,0.0
awadhi masoor dal,6.3,2.28,3.2,0.0,3.8,legume,3.9,21.1,0.0
rajasthani masoor dal,6.8,2.34,3.2,0.0,3.9,legume,3.9,18.6,0.0
apple milkshake,3.3,0.3,4.0,0.5,1.0,beverage,3.4,50.0,0.4
punjabi apple milkshake,3.3,0.32,4.3,0.5,1.0,beverage,3.3,48.8,0.43
south indian apple milkshake,3.5,0.31,4.1,0.5,1.1,beverage,3.4,47.9,0.43
hyderabadi apple milkshake,3.4,0.31,3.7,0.5,1.1,beverage,3.4,49.4,0.39
bengali apple milkshake,3.3,0.32,4.0,0.5,1.1,beverage,3.4,45.8,0.41
maharashtrian apple milkshake,3.4,0.33,4.2,0.5,1.0,beverage,3.5,47.8,0.39
gujarati apple milkshake,3.3,0.27,4.1,0.5,0.9,beverage,3.5,53.6,0.39
kerala apple milkshake,3.3,0.32,4.1,0.5,0.9,beverage,3.4,49.5,0.4
goan apple milkshake,3.2,0.28,4.1,0.5,1.0,beverage,3.3,52.4,0.41
awadhi apple milkshake,3.6,0.32,4.1,0.5,1.0,beverage,3.5,53.4,0.38
rajasthani apple milkshake,3.2,0.31,4.4,0.5,1.1,beverage,3.3,52.8,0.41
almond milkshake,5.0,0.9,1.0,0.5,1.5,beverage,3.8,65.0,0.4
punjabi almond milkshake,4.8,0.89,0.9,0.5,1.6,beverage,3.8,69.3,0.36
south indian almond milkshake,4.6,0.94,0.9,0.5,1.4,beverage,3.6,63.3,0.41
hyderabadi almond milkshake,5.1,0.98,1.0,0.5,1.4,beverage,3.7,69.4,0.42
bengali almond milkshake,5.2,0.95,1.0,0.5,1.6,beverage,3.9,59.0,0.42
maharashtrian almond milkshake,4.6,0.83,1.0,0.5,1.4,beverage,3.8,65.3,0.43
gujarati almond milkshake,5.3,0.9,0.9,0.5,1.6,beverage,4.0,61.6,0.41
kerala almond milkshake,5.4,0.84,0.9,0.5,1.5,beverage,3.8,68.6,0.39
goan almond milkshake,5.5,0.85,1.0,0.5,1.6,beverage,3.7,68.2,0.4
awadhi almond milkshake,5.2,0.94,1.0,0.5,1.4,beverage,3.9,67.9,0.4
rajasthani almond milkshake,5.1,0.95,1.0,0.5,1.4,beverage,3.6,63.8,0.42
pistachio milkshake,4.8,0.9,1.2,0.5,1.4,beverage,3.7,65.0,0.4
punjabi pistachio milkshake,4.5,0.97,1.2,0.5,1.3,beverage,3.6,66.6,0.42
south indian pistachio milkshake,4.8,0.86,1.3,0.5,1.3,beverage,3.7,61.1,0.41
hyderabadi pistachio milkshake,4.9,0.96,1.3,0.5,1.4,beverage,3.7,61.6,0.4
bengali pistachio milkshake,4.6,0.93,1.2,0.5,1.5,beverage,3.7,69.9,0.39
maharashtrian pistachio milkshake,4.6,0.96,1.2,0.5,1.3,beverage,3.7,62.8,0.4
gujarati pistachio milkshake,5.0,0.92,1.3,0.5,1.4,beverage,3.7,64.4,0.39
kerala pistachio milkshake,4.4,0.82,1.3,0.5,1.5,beverage,3.6,68.8,0.37
goan pistachio milkshake,5.0,0.97,1.2,0.5,1.4,beverage,3.5,67.8,0.43
awadhi pistachio milkshake,5.2,0.9,1.3,0.5,1.3,beverage,3.6,59.6,0.39
rajasthani pistachio milkshake,4.5,0.83,1.2,0.5,1.5,beverage,3.6,67.7,0.39
vanilla milkshake,3.5,0.1,0.5,0.5,0.0,beverage,2.7,45.0,0.4
punjabi vanilla milkshake,3.5,0.09,0.5,0.5,0.0,beverage,2.7,48.4,0.37
south indian vanilla milkshake,3.2,0.09,0.5,0.5,0.0,beverage,2.8,41.1,0.39
hyderabadi vanilla milkshake,3.5,0.1,0.5,0.5,0.0,beverage,2.8,48.5,0.37
bengali vanilla milkshake,3.7,0.11,0.5,0.5,0.0,beverage,2.7,41.8,0.41
maharashtrian vanilla milkshake,3.2,0.1,0.5,0.5,0.0,beverage,2.8,45.6,0.4
gujarati vanilla milkshake,3.6,0.09,0.5,0.5,0.0,beverage,2.8,47.2,0.4
kerala vanilla milkshake,3.7,0.1,0.5,0.5,0.0,beverage,2.7,48.1,0.4
goan vanilla milkshake,3.4,0.1,0.5,0.5,0.0,beverage,2.8,46.2,0.38
awadhi vanilla milkshake,3.4,0.1,0.5,0.5,0.0,beverage,2.8,40.6,0.39
rajasthani vanilla milkshake,3.6,0.11,0.5,0.5,0.0,beverage,2.7,48.6,0.44
cold coffee,3.2,0.1,0.0,0.4,0.0,beverage,2.8,45.0,0.4
punjabi cold coffee,3.3,0.09,0.0,0.4,0.0,beverage,2.7,46.2,0.39
south indian cold coffee,3.0,0.09,0.0,0.4,0.0,beverage,2.7,47.6,0.37
hyderabadi cold coffee,3.1,0.1,0.0,0.4,0.0,beverage,2.8,41.3,0.37
bengali cold coffee,3.1,0.1,0.0,0.4,0.0,beverage,2.9,47.7,0.38
maharashtrian cold coffee,3.5,0.1,0.0,0.4,0.0,beverage,2.7,40.5,0.42
gujarati cold coffee,3.3,0.11,0.0,0.4,0.0,beverage,2.8,47.4,0.42
kerala cold coffee,3.0,0.1,0.0,0.4,0.0,beverage,2.8,41.6,0.4
goan cold coffee,2.9,0.1,0.0,0.4,0.0,beverage,2.7,42.2,0.41
awadhi cold coffee,3.1,0.1,0.0,0.4,0.0,beverage,2.7,45.7,0.36
rajasthani cold coffee,2.9,0.1,0.0,0.4,0.0,beverage,2.9,41.8,0.42
cold coffee with ice cream,3.8,0.2,0.5,0.5,0.0,beverage,2.3,75.0,0.5
punjabi cold coffee with ice cream,3.9,0.19,0.5,0.5,0.0,beverage,2.4,67.7,0.55
south indian cold coffee with ice cream,3.5,0.18,0.5,0.5,0.0,beverage,2.3,70.9,0.46
hyderabadi cold coffee with ice cream,3.6,0.21,0.5,0.5,0.0,beverage,2.4,79.2,0.53
bengali cold coffee with ice cream,3.5,0.19,0.5,0.5,0.0,beverage,2.4,79.2,0.49
maharashtrian cold coffee with ice cream,3.4,0.21,0.5,0.5,0.0,beverage,2.3,72.7,0.54
gujarati cold coffee with ice cream,4.0,0.19,0.5,0.5,0.0,beverage,2.3,81.5,0.46
kerala cold coffee with ice cream,4.1,0.21,0.5,0.5,0.0,beverage,2.3,74.5,0.48
goan cold coffee with ice cream,3.5,0.19,0.5,0.5,0.0,beverage,2.2,82.3,0.49
awadhi cold coffee with ice cream,3.7,0.21,0.5,0.5,0.0,beverage,2.4,81.0,0.52
rajasthani cold coffee with ice cream,3.7,0.19,0.5,0.5,0.0,beverage,2.3,78.0,0.52
masala buttermilk,1.5,0.2,2.0,0.2,0.2,beverage,4.2,25.0,0.2
punjabi masala buttermilk,1.6,0.18,2.1,0.2,0.2,beverage,4.3,26.1,0.18
south indian masala buttermilk,1.5,0.22,1.8,0.2,0.2,beverage,4.0,25.2,0.2
hyderabadi masala buttermilk,1.4,0.19,1.8,0.2,0.2,beverage,4.3,25.0,0.21
bengali masala buttermilk,1.4,0.18,1.9,0.2,0.2,beverage,4.1,26.4,0.18
maharashtrian masala buttermilk,1.6,0.2,2.0,0.2,0.2,beverage,4.4,26.2,0.22
gujarati masala buttermilk,1.4,0.21,2.1,0.2,0.2,beverage,4.2,24.9,0.21
kerala masala buttermilk,1.6,0.18,2.1,0.2,0.2,beverage,4.4,27.5,0.19
goan masala buttermilk,1.6,0.22,2.0,0.2,0.2,beverage,4.1,24.7,0.2
awadhi masala buttermilk,1.4,0.19,1.9,0.2,0.2,beverage,4.3,24.0,0.18
rajasthani masala buttermilk,1.4,0.18,1.8,0.2,0.2,beverage,4.3,26.6,0.21
mint lemonade,0.1,0.4,25.0,0.0,0.4,beverage,3.5,80.0,0.0
punjabi mint lemonade,0.1,0.38,24.0,0.0,0.4,beverage,3.6,85.7,0.0
south indian mint lemonade,0.1,0.37,27.1,0.0,0.4,beverage,3.6,74.8,0.0
hyderabadi mint lemonade,0.1,0.42,25.9,0.0,0.4,beverage,3.5,74.9,0.0
bengali mint lemonade,0.1,0.42,27.5,0.0,0.4,beverage,3.6,77.2,0.0
maharashtrian mint lemonade,0.1,0.39,24.0,0.0,0.4,beverage,3.7,79.1,0.0
gujarati mint lemonade,0.1,0.44,25.8,0.0,0.4,beverage,3.4,80.0,0.0
kerala mint lemonade,0.1,0.4,27.3,0.0,0.4,beverage,3.4,82.8,0.0
goan mint lemonade,0.1,0.41,24.1,0.0,0.4,beverage,3.5,83.7,0.0
awadhi mint lemonade,0.1,0.4,23.7,0.0,0.4,beverage,3.6,75.1,0.0
rajasthani mint lemonade,0.1,0.37,22.6,0.0,0.4,beverage,3.6,84.9,0.0
punjabi sugarcane juice,0.3,0.87,4.7,0.0,0.5,beverage,2.4,0.0,0.0
south indian sugarcane juice,0.3,0.75,5.5,0.0,0.5,beverage,2.6,0.0,0.0
hyderabadi sugarcane juice,0.3,0.88,4.5,0.0,0.5,beverage,2.4,0.0,0.0
bengali sugarcane juice,0.3,0.76,4.7,0.0,0.5,beverage,2.5,0.0,0.0
maharashtrian sugarcane juice,0.3,0.86,4.6,0.0,0.5,beverage,2.5,0.0,0.0
gujarati sugarcane juice,0.3,0.74,4.8,0.0,0.5,beverage,2.6,0.0,0.0
kerala sugarcane juice,0.3,0.76,4.9,0.0,0.5,beverage,2.4,0.0,0.0
goan sugarcane juice,0.3,0.77,5.4,0.0,0.5,beverage,2.4,0.0,0.0
awadhi sugarcane juice,0.3,0.8,5.4,0.0,0.5,beverage,2.4,0.0,0.0
rajasthani sugarcane juice,0.3,0.8,4.7,0.0,0.5,beverage,2.4,0.0,0.0
